Vehicle_ID,Delay,Bridge_ID,Seed
Truck5760,22.201038050578305,1000393.0,5
Truck5761,22.201038050578305,1000393.0,5
Truck5762,22.201038050578305,1000393.0,5
Truck5763,22.201038050578305,1000393.0,5
Truck5764,22.201038050578305,1000393.0,5
Truck5765,22.201038050578305,1000393.0,5
Truck5766,22.201038050578305,1000393.0,5
Truck5767,22.201038050578305,1000393.0,5
Truck5768,22.201038050578305,1000393.0,5
Truck5769,22.201038050578305,1000393.0,5
Truck5770,22.201038050578305,1000393.0,5
Truck5771,22.201038050578305,1000393.0,5
Truck5772,22.201038050578305,1000393.0,5
Truck5773,22.201038050578305,1000393.0,5
Truck5774,22.201038050578305,1000393.0,5
Truck5775,22.201038050578305,1000393.0,5
Truck5776,22.201038050578305,1000393.0,5
Truck5777,22.201038050578305,1000393.0,5
Truck5778,22.201038050578305,1000393.0,5
Truck5779,22.201038050578305,1000393.0,5
Truck5780,22.201038050578305,1000393.0,5
Truck5781,22.201038050578305,1000393.0,5
Truck5782,22.201038050578305,1000393.0,5
Truck5783,22.201038050578305,1000393.0,5
Truck5784,22.201038050578305,1000393.0,5
Truck5785,22.201038050578305,1000393.0,5
Truck5786,22.201038050578305,1000393.0,5
Truck5787,22.201038050578305,1000393.0,5
Truck5788,22.201038050578305,1000393.0,5
Truck5789,22.201038050578305,1000393.0,5
Truck5790,22.201038050578305,1000393.0,5
Truck5791,22.201038050578305,1000393.0,5
Truck5792,22.201038050578305,1000393.0,5
Truck5793,22.201038050578305,1000393.0,5
Truck5794,22.201038050578305,1000393.0,5
Truck5795,22.201038050578305,1000393.0,5
Truck5796,22.201038050578305,1000393.0,5
Truck5797,22.201038050578305,1000393.0,5
Truck5798,22.201038050578305,1000393.0,5
Truck5799,22.201038050578305,1000393.0,5
Truck5800,22.201038050578305,1000393.0,5
Truck5801,22.201038050578305,1000393.0,5
Truck5802,22.201038050578305,1000393.0,5
Truck5803,22.201038050578305,1000393.0,5
Truck5804,22.201038050578305,1000393.0,5
Truck5805,22.201038050578305,1000393.0,5
Truck5806,22.201038050578305,1000393.0,5
Truck5807,22.201038050578305,1000393.0,5
Truck5808,22.201038050578305,1000393.0,5
Truck5809,22.201038050578305,1000393.0,5
Truck5810,22.201038050578305,1000393.0,5
Truck5811,22.201038050578305,1000393.0,5
Truck5812,22.201038050578305,1000393.0,5
Truck5813,22.201038050578305,1000393.0,5
Truck5814,22.201038050578305,1000393.0,5
Truck5815,22.201038050578305,1000393.0,5
Truck5816,22.201038050578305,1000393.0,5
Truck5817,22.201038050578305,1000393.0,5
Truck5818,22.201038050578305,1000393.0,5
Truck5819,22.201038050578305,1000393.0,5
Truck5820,22.201038050578305,1000393.0,5
Truck5821,22.201038050578305,1000393.0,5
Truck5822,22.201038050578305,1000393.0,5
Truck5823,22.201038050578305,1000393.0,5
Truck5824,22.201038050578305,1000393.0,5
Truck5825,22.201038050578305,1000393.0,5
Truck5826,22.201038050578305,1000393.0,5
Truck5827,22.201038050578305,1000393.0,5
Truck5828,22.201038050578305,1000393.0,5
Truck5829,22.201038050578305,1000393.0,5
Truck5830,22.201038050578305,1000393.0,5
Truck5831,22.201038050578305,1000393.0,5
Truck5832,22.201038050578305,1000393.0,5
Truck5833,22.201038050578305,1000393.0,5
Truck5834,22.201038050578305,1000393.0,5
Truck5835,22.201038050578305,1000393.0,5
Truck5836,22.201038050578305,1000393.0,5
Truck5837,22.201038050578305,1000393.0,5
Truck5838,22.201038050578305,1000393.0,5
Truck5839,22.201038050578305,1000393.0,5
Truck5840,22.201038050578305,1000393.0,5
Truck5841,22.201038050578305,1000393.0,5
Truck5842,22.201038050578305,1000393.0,5
Truck5843,22.201038050578305,1000393.0,5
Truck5844,22.201038050578305,1000393.0,5
Truck5845,22.201038050578305,1000393.0,5
Truck5846,22.201038050578305,1000393.0,5
Truck5847,22.201038050578305,1000393.0,5
Truck5848,22.201038050578305,1000393.0,5
Truck5849,22.201038050578305,1000393.0,5
Truck5850,22.201038050578305,1000393.0,5
Truck5851,22.201038050578305,1000393.0,5
Truck5852,22.201038050578305,1000393.0,5
Truck5853,22.201038050578305,1000393.0,5
Truck5854,22.201038050578305,1000393.0,5
Truck5855,22.201038050578305,1000393.0,5
Truck5856,22.201038050578305,1000393.0,5
Truck5857,22.201038050578305,1000393.0,5
Truck5858,22.201038050578305,1000393.0,5
Truck5859,22.201038050578305,1000393.0,5
Truck5860,22.201038050578305,1000393.0,5
Truck5861,22.201038050578305,1000393.0,5
Truck5862,22.201038050578305,1000393.0,5
Truck5863,22.201038050578305,1000393.0,5
Truck5864,22.201038050578305,1000393.0,5
Truck5865,22.201038050578305,1000393.0,5
Truck5866,22.201038050578305,1000393.0,5
Truck5867,22.201038050578305,1000393.0,5
Truck5868,22.201038050578305,1000393.0,5
Truck5869,22.201038050578305,1000393.0,5
Truck5870,22.201038050578305,1000393.0,5
Truck5871,22.201038050578305,1000393.0,5
Truck5872,22.201038050578305,1000393.0,5
Truck5873,22.201038050578305,1000393.0,5
Truck5874,22.201038050578305,1000393.0,5
Truck5875,22.201038050578305,1000393.0,5
Truck5876,22.201038050578305,1000393.0,5
Truck5877,22.201038050578305,1000393.0,5
Truck5878,22.201038050578305,1000393.0,5
Truck5879,22.201038050578305,1000393.0,5
Truck5880,22.201038050578305,1000393.0,5
Truck5881,22.201038050578305,1000393.0,5
Truck5882,22.201038050578305,1000393.0,5
Truck5883,22.201038050578305,1000393.0,5
Truck5884,22.201038050578305,1000393.0,5
Truck5885,22.201038050578305,1000393.0,5
Truck5886,22.201038050578305,1000393.0,5
Truck5887,22.201038050578305,1000393.0,5
Truck5888,22.201038050578305,1000393.0,5
Truck5889,22.201038050578305,1000393.0,5
Truck5890,22.201038050578305,1000393.0,5
Truck5891,22.201038050578305,1000393.0,5
Truck5892,22.201038050578305,1000393.0,5
Truck5893,22.201038050578305,1000393.0,5
Truck5894,22.201038050578305,1000393.0,5
Truck5895,22.201038050578305,1000393.0,5
Truck5896,22.201038050578305,1000393.0,5
Truck5897,22.201038050578305,1000393.0,5
Truck5898,22.201038050578305,1000393.0,5
Truck5899,22.201038050578305,1000393.0,5
Truck5900,22.201038050578305,1000393.0,5
Truck5901,22.201038050578305,1000393.0,5
Truck5902,22.201038050578305,1000393.0,5
Truck5903,22.201038050578305,1000393.0,5
Truck5904,22.201038050578305,1000393.0,5
Truck5905,22.201038050578305,1000393.0,5
Truck5906,22.201038050578305,1000393.0,5
Truck5907,22.201038050578305,1000393.0,5
Truck5908,22.201038050578305,1000393.0,5
Truck5909,22.201038050578305,1000393.0,5
Truck5910,22.201038050578305,1000393.0,5
Truck5911,22.201038050578305,1000393.0,5
Truck5912,22.201038050578305,1000393.0,5
Truck5913,22.201038050578305,1000393.0,5
Truck5914,22.201038050578305,1000393.0,5
Truck5915,22.201038050578305,1000393.0,5
Truck5916,22.201038050578305,1000393.0,5
Truck5917,22.201038050578305,1000393.0,5
Truck5918,22.201038050578305,1000393.0,5
Truck5919,22.201038050578305,1000393.0,5
Truck5920,22.201038050578305,1000393.0,5
Truck5921,22.201038050578305,1000393.0,5
Truck5922,22.201038050578305,1000393.0,5
Truck5923,22.201038050578305,1000393.0,5
Truck5924,22.201038050578305,1000393.0,5
Truck5925,22.201038050578305,1000393.0,5
Truck5926,22.201038050578305,1000393.0,5
Truck5927,22.201038050578305,1000393.0,5
Truck5928,22.201038050578305,1000393.0,5
Truck5929,22.201038050578305,1000393.0,5
Truck5930,22.201038050578305,1000393.0,5
Truck5931,22.201038050578305,1000393.0,5
Truck5932,22.201038050578305,1000393.0,5
Truck5933,22.201038050578305,1000393.0,5
Truck5934,22.201038050578305,1000393.0,5
Truck5935,22.201038050578305,1000393.0,5
Truck5936,22.201038050578305,1000393.0,5
Truck5937,22.201038050578305,1000393.0,5
Truck5938,22.201038050578305,1000393.0,5
Truck5939,22.201038050578305,1000393.0,5
Truck5940,22.201038050578305,1000393.0,5
Truck5941,22.201038050578305,1000393.0,5
Truck5942,22.201038050578305,1000393.0,5
Truck5943,22.201038050578305,1000393.0,5
Truck5944,22.201038050578305,1000393.0,5
Truck5945,22.201038050578305,1000393.0,5
Truck5946,22.201038050578305,1000393.0,5
Truck5947,22.201038050578305,1000393.0,5
Truck5948,22.201038050578305,1000393.0,5
Truck5949,22.201038050578305,1000393.0,5
Truck5950,22.201038050578305,1000393.0,5
Truck5951,22.201038050578305,1000393.0,5
Truck5952,22.201038050578305,1000393.0,5
Truck5953,22.201038050578305,1000393.0,5
Truck5954,22.201038050578305,1000393.0,5
Truck5955,22.201038050578305,1000393.0,5
Truck5956,22.201038050578305,1000393.0,5
Truck5957,22.201038050578305,1000393.0,5
Truck5958,22.201038050578305,1000393.0,5
Truck5959,22.201038050578305,1000393.0,5
Truck5960,22.201038050578305,1000393.0,5
Truck5961,22.201038050578305,1000393.0,5
Truck5962,22.201038050578305,1000393.0,5
Truck5963,22.201038050578305,1000393.0,5
Truck5964,22.201038050578305,1000393.0,5
Truck5965,22.201038050578305,1000393.0,5
Truck5966,22.201038050578305,1000393.0,5
Truck5967,22.201038050578305,1000393.0,5
Truck5968,22.201038050578305,1000393.0,5
Truck5969,22.201038050578305,1000393.0,5
Truck5970,22.201038050578305,1000393.0,5
Truck5971,22.201038050578305,1000393.0,5
Truck5972,22.201038050578305,1000393.0,5
Truck5973,22.201038050578305,1000393.0,5
Truck5974,22.201038050578305,1000393.0,5
Truck5975,22.201038050578305,1000393.0,5
Truck5976,22.201038050578305,1000393.0,5
Truck5977,22.201038050578305,1000393.0,5
Truck5978,22.201038050578305,1000393.0,5
Truck5979,22.201038050578305,1000393.0,5
Truck5980,22.201038050578305,1000393.0,5
Truck5981,22.201038050578305,1000393.0,5
Truck5982,22.201038050578305,1000393.0,5
Truck5983,22.201038050578305,1000393.0,5
Truck5984,22.201038050578305,1000393.0,5
Truck5985,22.201038050578305,1000393.0,5
Truck5986,22.201038050578305,1000393.0,5
Truck5987,22.201038050578305,1000393.0,5
Truck5988,22.201038050578305,1000393.0,5
Truck5989,22.201038050578305,1000393.0,5
Truck5990,22.201038050578305,1000393.0,5
Truck5991,22.201038050578305,1000393.0,5
Truck5992,22.201038050578305,1000393.0,5
Truck5993,22.201038050578305,1000393.0,5
Truck5994,22.201038050578305,1000393.0,5
Truck5995,22.201038050578305,1000393.0,5
Truck5996,22.201038050578305,1000393.0,5
Truck5997,22.201038050578305,1000393.0,5
Truck5998,22.201038050578305,1000393.0,5
Truck5999,22.201038050578305,1000393.0,5
Truck6000,22.201038050578305,1000393.0,5
Truck6001,22.201038050578305,1000393.0,5
Truck6002,22.201038050578305,1000393.0,5
Truck6003,22.201038050578305,1000393.0,5
Truck6004,22.201038050578305,1000393.0,5
Truck6005,22.201038050578305,1000393.0,5
Truck6006,22.201038050578305,1000393.0,5
Truck6007,22.201038050578305,1000393.0,5
Truck6008,22.201038050578305,1000393.0,5
Truck6009,22.201038050578305,1000393.0,5
Truck6010,22.201038050578305,1000393.0,5
Truck6011,22.201038050578305,1000393.0,5
Truck6012,22.201038050578305,1000393.0,5
Truck6013,22.201038050578305,1000393.0,5
Truck6014,22.201038050578305,1000393.0,5
Truck6015,22.201038050578305,1000393.0,5
Truck6016,22.201038050578305,1000393.0,5
Truck6017,22.201038050578305,1000393.0,5
Truck6018,22.201038050578305,1000393.0,5
Truck6019,22.201038050578305,1000393.0,5
Truck6020,22.201038050578305,1000393.0,5
Truck6021,22.201038050578305,1000393.0,5
Truck6022,22.201038050578305,1000393.0,5
Truck6023,22.201038050578305,1000393.0,5
Truck6024,22.201038050578305,1000393.0,5
Truck6025,22.201038050578305,1000393.0,5
Truck6026,22.201038050578305,1000393.0,5
Truck6027,22.201038050578305,1000393.0,5
Truck6028,22.201038050578305,1000393.0,5
Truck6029,22.201038050578305,1000393.0,5
Truck6030,22.201038050578305,1000393.0,5
Truck6031,22.201038050578305,1000393.0,5
Truck6032,22.201038050578305,1000393.0,5
Truck6033,22.201038050578305,1000393.0,5
Truck6034,22.201038050578305,1000393.0,5
Truck6035,22.201038050578305,1000393.0,5
Truck6036,22.201038050578305,1000393.0,5
Truck6037,22.201038050578305,1000393.0,5
Truck6038,22.201038050578305,1000393.0,5
Truck6039,22.201038050578305,1000393.0,5
Truck6040,22.201038050578305,1000393.0,5
Truck6041,22.201038050578305,1000393.0,5
Truck6042,22.201038050578305,1000393.0,5
Truck6043,22.201038050578305,1000393.0,5
Truck6044,22.201038050578305,1000393.0,5
Truck6045,22.201038050578305,1000393.0,5
Truck6046,22.201038050578305,1000393.0,5
Truck6047,22.201038050578305,1000393.0,5
Truck6048,22.201038050578305,1000393.0,5
Truck6049,22.201038050578305,1000393.0,5
Truck6050,22.201038050578305,1000393.0,5
Truck6051,22.201038050578305,1000393.0,5
Truck6052,22.201038050578305,1000393.0,5
Truck6053,22.201038050578305,1000393.0,5
Truck6054,22.201038050578305,1000393.0,5
Truck6055,22.201038050578305,1000393.0,5
Truck6056,22.201038050578305,1000393.0,5
Truck6057,22.201038050578305,1000393.0,5
Truck6058,22.201038050578305,1000393.0,5
Truck6059,22.201038050578305,1000393.0,5
Truck6060,22.201038050578305,1000393.0,5
Truck6061,22.201038050578305,1000393.0,5
Truck6062,22.201038050578305,1000393.0,5
Truck6063,22.201038050578305,1000393.0,5
Truck6064,22.201038050578305,1000393.0,5
Truck6065,22.201038050578305,1000393.0,5
Truck6066,22.201038050578305,1000393.0,5
Truck6067,22.201038050578305,1000393.0,5
Truck6068,22.201038050578305,1000393.0,5
Truck6069,22.201038050578305,1000393.0,5
Truck6070,22.201038050578305,1000393.0,5
Truck6071,22.201038050578305,1000393.0,5
Truck6072,22.201038050578305,1000393.0,5
Truck6073,22.201038050578305,1000393.0,5
Truck6074,22.201038050578305,1000393.0,5
Truck6075,22.201038050578305,1000393.0,5
Truck6076,22.201038050578305,1000393.0,5
Truck6077,22.201038050578305,1000393.0,5
Truck6078,22.201038050578305,1000393.0,5
Truck6079,22.201038050578305,1000393.0,5
Truck6080,22.201038050578305,1000393.0,5
Truck6081,22.201038050578305,1000393.0,5
Truck6082,22.201038050578305,1000393.0,5
Truck6083,22.201038050578305,1000393.0,5
Truck6084,22.201038050578305,1000393.0,5
Truck6085,22.201038050578305,1000393.0,5
Truck6086,22.201038050578305,1000393.0,5
Truck6087,22.201038050578305,1000393.0,5
Truck6088,22.201038050578305,1000393.0,5
Truck6089,22.201038050578305,1000393.0,5
Truck6090,22.201038050578305,1000393.0,5
Truck6091,22.201038050578305,1000393.0,5
Truck6092,22.201038050578305,1000393.0,5
Truck6093,22.201038050578305,1000393.0,5
Truck6094,22.201038050578305,1000393.0,5
Truck6095,22.201038050578305,1000393.0,5
Truck6096,22.201038050578305,1000393.0,5
Truck6097,22.201038050578305,1000393.0,5
Truck6098,22.201038050578305,1000393.0,5
Truck6099,22.201038050578305,1000393.0,5
Truck6100,22.201038050578305,1000393.0,5
Truck6101,22.201038050578305,1000393.0,5
Truck6102,22.201038050578305,1000393.0,5
Truck6103,22.201038050578305,1000393.0,5
Truck6104,22.201038050578305,1000393.0,5
Truck6105,22.201038050578305,1000393.0,5
Truck6106,22.201038050578305,1000393.0,5
Truck6107,22.201038050578305,1000393.0,5
Truck6108,22.201038050578305,1000393.0,5
Truck6109,22.201038050578305,1000393.0,5
Truck6110,22.201038050578305,1000393.0,5
Truck6111,22.201038050578305,1000393.0,5
Truck6112,22.201038050578305,1000393.0,5
Truck6113,22.201038050578305,1000393.0,5
Truck6114,22.201038050578305,1000393.0,5
Truck6115,22.201038050578305,1000393.0,5
Truck6116,22.201038050578305,1000393.0,5
Truck6117,22.201038050578305,1000393.0,5
Truck6118,22.201038050578305,1000393.0,5
Truck6119,22.201038050578305,1000393.0,5
Truck6120,22.201038050578305,1000393.0,5
Truck6121,22.201038050578305,1000393.0,5
Truck6122,22.201038050578305,1000393.0,5
Truck6123,22.201038050578305,1000393.0,5
Truck6124,22.201038050578305,1000393.0,5
Truck6125,22.201038050578305,1000393.0,5
Truck6126,22.201038050578305,1000393.0,5
Truck6127,22.201038050578305,1000393.0,5
Truck6128,22.201038050578305,1000393.0,5
Truck6129,22.201038050578305,1000393.0,5
Truck6130,22.201038050578305,1000393.0,5
Truck6131,22.201038050578305,1000393.0,5
Truck6132,22.201038050578305,1000393.0,5
Truck6133,22.201038050578305,1000393.0,5
Truck6134,22.201038050578305,1000393.0,5
Truck6135,22.201038050578305,1000393.0,5
Truck6136,22.201038050578305,1000393.0,5
Truck6137,22.201038050578305,1000393.0,5
Truck6138,22.201038050578305,1000393.0,5
Truck6139,22.201038050578305,1000393.0,5
Truck6140,22.201038050578305,1000393.0,5
Truck6141,22.201038050578305,1000393.0,5
Truck6142,22.201038050578305,1000393.0,5
Truck6143,22.201038050578305,1000393.0,5
Truck6144,22.201038050578305,1000393.0,5
Truck6145,22.201038050578305,1000393.0,5
Truck6146,22.201038050578305,1000393.0,5
Truck6147,22.201038050578305,1000393.0,5
Truck6148,22.201038050578305,1000393.0,5
Truck6149,22.201038050578305,1000393.0,5
Truck6150,22.201038050578305,1000393.0,5
Truck6151,22.201038050578305,1000393.0,5
Truck6152,22.201038050578305,1000393.0,5
Truck6153,22.201038050578305,1000393.0,5
Truck6154,22.201038050578305,1000393.0,5
Truck6155,22.201038050578305,1000393.0,5
Truck6156,22.201038050578305,1000393.0,5
Truck6157,22.201038050578305,1000393.0,5
Truck6158,22.201038050578305,1000393.0,5
Truck6159,22.201038050578305,1000393.0,5
Truck6160,22.201038050578305,1000393.0,5
Truck6161,22.201038050578305,1000393.0,5
Truck6162,22.201038050578305,1000393.0,5
Truck6163,22.201038050578305,1000393.0,5
Truck6164,22.201038050578305,1000393.0,5
Truck6165,22.201038050578305,1000393.0,5
Truck6166,22.201038050578305,1000393.0,5
Truck6167,22.201038050578305,1000393.0,5
Truck6168,22.201038050578305,1000393.0,5
Truck6169,22.201038050578305,1000393.0,5
Truck6170,22.201038050578305,1000393.0,5
Truck6171,22.201038050578305,1000393.0,5
Truck6172,22.201038050578305,1000393.0,5
Truck6173,22.201038050578305,1000393.0,5
Truck6174,22.201038050578305,1000393.0,5
Truck6175,22.201038050578305,1000393.0,5
Truck6176,22.201038050578305,1000393.0,5
Truck6177,22.201038050578305,1000393.0,5
Truck6178,22.201038050578305,1000393.0,5
Truck6179,22.201038050578305,1000393.0,5
Truck6180,22.201038050578305,1000393.0,5
Truck6181,22.201038050578305,1000393.0,5
Truck6182,22.201038050578305,1000393.0,5
Truck6183,22.201038050578305,1000393.0,5
Truck6184,22.201038050578305,1000393.0,5
Truck6185,22.201038050578305,1000393.0,5
Truck6186,22.201038050578305,1000393.0,5
Truck6187,22.201038050578305,1000393.0,5
Truck6188,22.201038050578305,1000393.0,5
Truck6189,22.201038050578305,1000393.0,5
Truck6190,22.201038050578305,1000393.0,5
Truck6191,22.201038050578305,1000393.0,5
Truck6192,22.201038050578305,1000393.0,5
Truck6193,22.201038050578305,1000393.0,5
Truck6194,22.201038050578305,1000393.0,5
Truck6195,22.201038050578305,1000393.0,5
Truck6196,22.201038050578305,1000393.0,5
Truck6197,22.201038050578305,1000393.0,5
Truck6198,22.201038050578305,1000393.0,5
Truck6199,22.201038050578305,1000393.0,5
Truck6200,22.201038050578305,1000393.0,5
Truck6201,22.201038050578305,1000393.0,5
Truck6202,22.201038050578305,1000393.0,5
Truck6203,22.201038050578305,1000393.0,5
Truck6204,22.201038050578305,1000393.0,5
Truck6205,22.201038050578305,1000393.0,5
Truck6206,22.201038050578305,1000393.0,5
Truck6207,22.201038050578305,1000393.0,5
Truck6208,22.201038050578305,1000393.0,5
Truck6209,22.201038050578305,1000393.0,5
Truck6210,22.201038050578305,1000393.0,5
Truck6211,22.201038050578305,1000393.0,5
Truck6212,22.201038050578305,1000393.0,5
Truck6213,22.201038050578305,1000393.0,5
Truck6214,22.201038050578305,1000393.0,5
Truck6215,22.201038050578305,1000393.0,5
Truck6216,22.201038050578305,1000393.0,5
Truck6217,22.201038050578305,1000393.0,5
Truck6218,22.201038050578305,1000393.0,5
Truck6219,22.201038050578305,1000393.0,5
Truck6220,22.201038050578305,1000393.0,5
Truck6221,22.201038050578305,1000393.0,5
Truck6222,22.201038050578305,1000393.0,5
Truck6223,22.201038050578305,1000393.0,5
Truck6224,22.201038050578305,1000393.0,5
Truck6225,22.201038050578305,1000393.0,5
Truck6226,22.201038050578305,1000393.0,5
Truck6227,22.201038050578305,1000393.0,5
Truck6228,22.201038050578305,1000393.0,5
Truck6229,22.201038050578305,1000393.0,5
Truck6230,22.201038050578305,1000393.0,5
Truck6231,22.201038050578305,1000393.0,5
Truck6232,22.201038050578305,1000393.0,5
Truck6233,22.201038050578305,1000393.0,5
Truck6234,22.201038050578305,1000393.0,5
Truck6235,22.201038050578305,1000393.0,5
Truck6236,22.201038050578305,1000393.0,5
Truck6237,22.201038050578305,1000393.0,5
Truck6238,22.201038050578305,1000393.0,5
Truck6239,22.201038050578305,1000393.0,5
Truck6240,22.201038050578305,1000393.0,5
Truck6241,22.201038050578305,1000393.0,5
Truck6242,22.201038050578305,1000393.0,5
Truck6243,22.201038050578305,1000393.0,5
Truck6244,22.201038050578305,1000393.0,5
Truck6245,22.201038050578305,1000393.0,5
Truck6246,22.201038050578305,1000393.0,5
Truck6247,22.201038050578305,1000393.0,5
Truck6248,22.201038050578305,1000393.0,5
Truck6249,22.201038050578305,1000393.0,5
Truck6250,22.201038050578305,1000393.0,5
Truck6251,22.201038050578305,1000393.0,5
Truck6252,22.201038050578305,1000393.0,5
Truck6253,22.201038050578305,1000393.0,5
Truck6254,22.201038050578305,1000393.0,5
Truck6255,22.201038050578305,1000393.0,5
Truck6256,22.201038050578305,1000393.0,5
Truck6257,22.201038050578305,1000393.0,5
Truck6258,22.201038050578305,1000393.0,5
Truck6259,22.201038050578305,1000393.0,5
Truck6260,22.201038050578305,1000393.0,5
Truck6261,22.201038050578305,1000393.0,5
Truck6262,22.201038050578305,1000393.0,5
Truck6263,22.201038050578305,1000393.0,5
Truck6264,22.201038050578305,1000393.0,5
Truck6265,22.201038050578305,1000393.0,5
Truck6266,22.201038050578305,1000393.0,5
Truck6267,22.201038050578305,1000393.0,5
Truck6268,22.201038050578305,1000393.0,5
Truck6269,22.201038050578305,1000393.0,5
Truck6270,22.201038050578305,1000393.0,5
Truck6271,22.201038050578305,1000393.0,5
Truck6272,22.201038050578305,1000393.0,5
Truck6273,22.201038050578305,1000393.0,5
Truck6274,22.201038050578305,1000393.0,5
Truck6275,22.201038050578305,1000393.0,5
Truck6276,22.201038050578305,1000393.0,5
Truck6277,22.201038050578305,1000393.0,5
Truck6278,22.201038050578305,1000393.0,5
Truck6279,22.201038050578305,1000393.0,5
Truck6280,22.201038050578305,1000393.0,5
Truck6281,22.201038050578305,1000393.0,5
Truck6282,22.201038050578305,1000393.0,5
Truck6283,22.201038050578305,1000393.0,5
Truck6284,22.201038050578305,1000393.0,5
Truck6285,22.201038050578305,1000393.0,5
Truck6286,22.201038050578305,1000393.0,5
Truck6287,22.201038050578305,1000393.0,5
Truck6288,22.201038050578305,1000393.0,5
Truck6289,22.201038050578305,1000393.0,5
Truck6290,22.201038050578305,1000393.0,5
Truck6291,22.201038050578305,1000393.0,5
Truck6292,22.201038050578305,1000393.0,5
Truck6293,22.201038050578305,1000393.0,5
Truck6294,22.201038050578305,1000393.0,5
Truck6295,22.201038050578305,1000393.0,5
Truck6296,22.201038050578305,1000393.0,5
Truck6297,22.201038050578305,1000393.0,5
Truck6298,22.201038050578305,1000393.0,5
Truck6299,22.201038050578305,1000393.0,5
Truck6300,22.201038050578305,1000393.0,5
Truck6301,22.201038050578305,1000393.0,5
Truck6302,22.201038050578305,1000393.0,5
Truck6303,22.201038050578305,1000393.0,5
Truck6304,22.201038050578305,1000393.0,5
Truck6305,22.201038050578305,1000393.0,5
Truck6306,22.201038050578305,1000393.0,5
Truck6307,22.201038050578305,1000393.0,5
Truck6308,22.201038050578305,1000393.0,5
Truck6309,22.201038050578305,1000393.0,5
Truck6310,22.201038050578305,1000393.0,5
Truck6311,22.201038050578305,1000393.0,5
Truck6312,22.201038050578305,1000393.0,5
Truck6313,22.201038050578305,1000393.0,5
Truck6314,22.201038050578305,1000393.0,5
Truck6315,22.201038050578305,1000393.0,5
Truck6316,22.201038050578305,1000393.0,5
Truck6317,22.201038050578305,1000393.0,5
Truck6318,22.201038050578305,1000393.0,5
Truck6319,22.201038050578305,1000393.0,5
Truck6320,22.201038050578305,1000393.0,5
Truck6321,22.201038050578305,1000393.0,5
Truck6322,22.201038050578305,1000393.0,5
Truck6323,22.201038050578305,1000393.0,5
Truck6324,22.201038050578305,1000393.0,5
Truck6325,22.201038050578305,1000393.0,5
Truck6326,22.201038050578305,1000393.0,5
Truck6327,22.201038050578305,1000393.0,5
Truck6328,22.201038050578305,1000393.0,5
Truck6329,22.201038050578305,1000393.0,5
Truck6330,22.201038050578305,1000393.0,5
Truck6331,22.201038050578305,1000393.0,5
Truck6332,22.201038050578305,1000393.0,5
Truck6333,22.201038050578305,1000393.0,5
Truck6334,22.201038050578305,1000393.0,5
Truck6335,22.201038050578305,1000393.0,5
Truck6336,22.201038050578305,1000393.0,5
Truck6337,22.201038050578305,1000393.0,5
Truck6338,22.201038050578305,1000393.0,5
Truck6339,22.201038050578305,1000393.0,5
Truck6340,22.201038050578305,1000393.0,5
Truck6341,22.201038050578305,1000393.0,5
Truck6342,22.201038050578305,1000393.0,5
Truck6343,22.201038050578305,1000393.0,5
Truck6344,22.201038050578305,1000393.0,5
Truck6345,22.201038050578305,1000393.0,5
Truck6346,22.201038050578305,1000393.0,5
Truck6347,22.201038050578305,1000393.0,5
Truck6348,22.201038050578305,1000393.0,5
Truck6349,22.201038050578305,1000393.0,5
Truck6350,22.201038050578305,1000393.0,5
Truck6351,22.201038050578305,1000393.0,5
Truck6352,22.201038050578305,1000393.0,5
Truck6353,22.201038050578305,1000393.0,5
Truck6354,22.201038050578305,1000393.0,5
Truck6355,22.201038050578305,1000393.0,5
Truck6356,22.201038050578305,1000393.0,5
Truck6357,22.201038050578305,1000393.0,5
Truck6358,22.201038050578305,1000393.0,5
Truck6359,22.201038050578305,1000393.0,5
Truck6360,22.201038050578305,1000393.0,5
Truck6361,22.201038050578305,1000393.0,5
Truck6362,22.201038050578305,1000393.0,5
Truck6363,22.201038050578305,1000393.0,5
Truck6364,22.201038050578305,1000393.0,5
Truck6365,22.201038050578305,1000393.0,5
Truck6366,22.201038050578305,1000393.0,5
Truck6367,22.201038050578305,1000393.0,5
Truck6368,22.201038050578305,1000393.0,5
Truck6369,22.201038050578305,1000393.0,5
Truck6370,22.201038050578305,1000393.0,5
Truck6371,22.201038050578305,1000393.0,5
Truck6372,22.201038050578305,1000393.0,5
Truck6373,22.201038050578305,1000393.0,5
Truck6374,22.201038050578305,1000393.0,5
Truck6375,22.201038050578305,1000393.0,5
Truck6376,22.201038050578305,1000393.0,5
Truck6377,22.201038050578305,1000393.0,5
Truck6378,22.201038050578305,1000393.0,5
Truck6379,22.201038050578305,1000393.0,5
Truck6380,22.201038050578305,1000393.0,5
Truck6381,22.201038050578305,1000393.0,5
Truck6382,22.201038050578305,1000393.0,5
Truck6383,22.201038050578305,1000393.0,5
Truck6384,22.201038050578305,1000393.0,5
Truck6385,22.201038050578305,1000393.0,5
Truck6386,22.201038050578305,1000393.0,5
Truck6387,22.201038050578305,1000393.0,5
Truck6388,22.201038050578305,1000393.0,5
Truck6389,22.201038050578305,1000393.0,5
Truck6390,22.201038050578305,1000393.0,5
Truck6391,22.201038050578305,1000393.0,5
Truck6392,22.201038050578305,1000393.0,5
Truck6393,22.201038050578305,1000393.0,5
Truck6394,22.201038050578305,1000393.0,5
Truck6395,22.201038050578305,1000393.0,5
Truck6396,22.201038050578305,1000393.0,5
Truck6397,22.201038050578305,1000393.0,5
Truck6398,22.201038050578305,1000393.0,5
Truck6399,22.201038050578305,1000393.0,5
Truck6400,22.201038050578305,1000393.0,5
Truck6401,22.201038050578305,1000393.0,5
Truck6402,22.201038050578305,1000393.0,5
Truck6403,22.201038050578305,1000393.0,5
Truck6404,22.201038050578305,1000393.0,5
Truck6405,22.201038050578305,1000393.0,5
Truck6406,22.201038050578305,1000393.0,5
Truck6407,22.201038050578305,1000393.0,5
Truck6408,22.201038050578305,1000393.0,5
Truck6409,22.201038050578305,1000393.0,5
Truck6410,22.201038050578305,1000393.0,5
Truck6411,22.201038050578305,1000393.0,5
Truck6412,22.201038050578305,1000393.0,5
Truck6413,22.201038050578305,1000393.0,5
Truck6414,22.201038050578305,1000393.0,5
Truck6415,22.201038050578305,1000393.0,5
Truck6416,22.201038050578305,1000393.0,5
Truck6417,22.201038050578305,1000393.0,5
Truck6418,22.201038050578305,1000393.0,5
Truck6419,22.201038050578305,1000393.0,5
Truck6420,22.201038050578305,1000393.0,5
Truck6421,22.201038050578305,1000393.0,5
Truck6422,22.201038050578305,1000393.0,5
Truck6423,22.201038050578305,1000393.0,5
Truck6424,22.201038050578305,1000393.0,5
Truck6425,22.201038050578305,1000393.0,5
Truck6426,22.201038050578305,1000393.0,5
Truck6427,22.201038050578305,1000393.0,5
Truck6428,22.201038050578305,1000393.0,5
Truck6429,22.201038050578305,1000393.0,5
Truck6430,22.201038050578305,1000393.0,5
Truck6431,22.201038050578305,1000393.0,5
Truck6432,22.201038050578305,1000393.0,5
Truck6433,22.201038050578305,1000393.0,5
Truck6434,22.201038050578305,1000393.0,5
Truck6435,22.201038050578305,1000393.0,5
Truck6436,22.201038050578305,1000393.0,5
Truck6437,22.201038050578305,1000393.0,5
Truck6438,22.201038050578305,1000393.0,5
Truck6439,22.201038050578305,1000393.0,5
Truck6440,22.201038050578305,1000393.0,5
Truck6441,22.201038050578305,1000393.0,5
Truck6442,22.201038050578305,1000393.0,5
Truck6443,22.201038050578305,1000393.0,5
Truck6444,22.201038050578305,1000393.0,5
Truck6445,22.201038050578305,1000393.0,5
Truck6446,22.201038050578305,1000393.0,5
Truck6447,22.201038050578305,1000393.0,5
Truck6448,22.201038050578305,1000393.0,5
Truck6449,22.201038050578305,1000393.0,5
Truck6450,22.201038050578305,1000393.0,5
Truck6451,22.201038050578305,1000393.0,5
Truck6452,22.201038050578305,1000393.0,5
Truck6453,22.201038050578305,1000393.0,5
Truck6454,22.201038050578305,1000393.0,5
Truck6455,22.201038050578305,1000393.0,5
Truck6456,22.201038050578305,1000393.0,5
Truck6457,22.201038050578305,1000393.0,5
Truck6458,22.201038050578305,1000393.0,5
Truck6459,22.201038050578305,1000393.0,5
Truck6460,22.201038050578305,1000393.0,5
Truck6461,22.201038050578305,1000393.0,5
Truck6462,22.201038050578305,1000393.0,5
Truck6463,22.201038050578305,1000393.0,5
Truck6464,22.201038050578305,1000393.0,5
Truck6465,22.201038050578305,1000393.0,5
Truck6466,22.201038050578305,1000393.0,5
Truck6467,22.201038050578305,1000393.0,5
Truck6468,22.201038050578305,1000393.0,5
Truck6469,22.201038050578305,1000393.0,5
Truck6470,22.201038050578305,1000393.0,5
Truck6471,22.201038050578305,1000393.0,5
Truck6472,22.201038050578305,1000393.0,5
Truck6473,22.201038050578305,1000393.0,5
Truck6474,22.201038050578305,1000393.0,5
Truck6475,22.201038050578305,1000393.0,5
Truck6476,22.201038050578305,1000393.0,5
Truck6477,22.201038050578305,1000393.0,5
Truck6478,22.201038050578305,1000393.0,5
Truck6479,22.201038050578305,1000393.0,5
Truck6480,22.201038050578305,1000393.0,5
Truck6481,22.201038050578305,1000393.0,5
Truck6482,22.201038050578305,1000393.0,5
Truck6483,22.201038050578305,1000393.0,5
Truck6484,22.201038050578305,1000393.0,5
Truck6485,22.201038050578305,1000393.0,5
Truck6486,22.201038050578305,1000393.0,5
Truck6487,22.201038050578305,1000393.0,5
Truck6488,22.201038050578305,1000393.0,5
Truck6489,22.201038050578305,1000393.0,5
Truck6490,22.201038050578305,1000393.0,5
Truck6491,22.201038050578305,1000393.0,5
Truck6492,22.201038050578305,1000393.0,5
Truck6493,22.201038050578305,1000393.0,5
Truck6494,22.201038050578305,1000393.0,5
Truck6495,22.201038050578305,1000393.0,5
Truck6496,22.201038050578305,1000393.0,5
Truck6497,22.201038050578305,1000393.0,5
Truck6498,22.201038050578305,1000393.0,5
Truck6499,22.201038050578305,1000393.0,5
Truck6500,22.201038050578305,1000393.0,5
Truck6501,22.201038050578305,1000393.0,5
Truck6502,22.201038050578305,1000393.0,5
Truck6503,22.201038050578305,1000393.0,5
Truck6504,22.201038050578305,1000393.0,5
Truck6505,22.201038050578305,1000393.0,5
Truck6506,22.201038050578305,1000393.0,5
Truck6507,22.201038050578305,1000393.0,5
Truck6508,22.201038050578305,1000393.0,5
Truck6509,22.201038050578305,1000393.0,5
Truck6510,22.201038050578305,1000393.0,5
Truck6511,22.201038050578305,1000393.0,5
Truck6512,22.201038050578305,1000393.0,5
Truck6513,22.201038050578305,1000393.0,5
Truck6514,22.201038050578305,1000393.0,5
Truck6515,22.201038050578305,1000393.0,5
Truck6516,22.201038050578305,1000393.0,5
Truck6517,22.201038050578305,1000393.0,5
Truck6518,22.201038050578305,1000393.0,5
Truck6519,22.201038050578305,1000393.0,5
Truck6520,22.201038050578305,1000393.0,5
Truck6521,22.201038050578305,1000393.0,5
Truck6522,22.201038050578305,1000393.0,5
Truck6523,22.201038050578305,1000393.0,5
Truck6524,22.201038050578305,1000393.0,5
Truck6525,22.201038050578305,1000393.0,5
Truck6526,22.201038050578305,1000393.0,5
Truck6527,22.201038050578305,1000393.0,5
Truck6528,22.201038050578305,1000393.0,5
Truck6529,22.201038050578305,1000393.0,5
Truck6530,22.201038050578305,1000393.0,5
Truck6531,22.201038050578305,1000393.0,5
Truck6532,22.201038050578305,1000393.0,5
Truck6533,22.201038050578305,1000393.0,5
Truck6534,22.201038050578305,1000393.0,5
Truck6535,22.201038050578305,1000393.0,5
Truck6536,22.201038050578305,1000393.0,5
Truck6537,22.201038050578305,1000393.0,5
Truck6538,22.201038050578305,1000393.0,5
Truck6539,22.201038050578305,1000393.0,5
Truck6540,22.201038050578305,1000393.0,5
Truck6541,22.201038050578305,1000393.0,5
Truck6542,22.201038050578305,1000393.0,5
Truck6543,22.201038050578305,1000393.0,5
Truck6544,22.201038050578305,1000393.0,5
Truck6545,22.201038050578305,1000393.0,5
Truck6546,22.201038050578305,1000393.0,5
Truck6547,22.201038050578305,1000393.0,5
Truck6548,22.201038050578305,1000393.0,5
Truck6549,22.201038050578305,1000393.0,5
Truck6550,22.201038050578305,1000393.0,5
Truck6551,22.201038050578305,1000393.0,5
Truck6552,22.201038050578305,1000393.0,5
Truck6553,22.201038050578305,1000393.0,5
Truck6554,22.201038050578305,1000393.0,5
Truck6555,22.201038050578305,1000393.0,5
Truck6556,22.201038050578305,1000393.0,5
Truck6557,22.201038050578305,1000393.0,5
Truck6558,22.201038050578305,1000393.0,5
Truck6559,22.201038050578305,1000393.0,5
Truck6560,22.201038050578305,1000393.0,5
Truck6561,22.201038050578305,1000393.0,5
Truck6562,22.201038050578305,1000393.0,5
Truck6563,22.201038050578305,1000393.0,5
Truck6564,22.201038050578305,1000393.0,5
Truck6565,22.201038050578305,1000393.0,5
Truck6566,22.201038050578305,1000393.0,5
Truck6567,22.201038050578305,1000393.0,5
Truck6568,22.201038050578305,1000393.0,5
Truck6569,22.201038050578305,1000393.0,5
Truck6570,22.201038050578305,1000393.0,5
Truck6571,22.201038050578305,1000393.0,5
Truck6572,22.201038050578305,1000393.0,5
Truck6573,22.201038050578305,1000393.0,5
Truck6574,22.201038050578305,1000393.0,5
Truck6575,22.201038050578305,1000393.0,5
Truck6576,22.201038050578305,1000393.0,5
Truck6577,22.201038050578305,1000393.0,5
Truck6578,22.201038050578305,1000393.0,5
Truck6579,22.201038050578305,1000393.0,5
Truck6580,22.201038050578305,1000393.0,5
Truck6581,22.201038050578305,1000393.0,5
Truck6582,22.201038050578305,1000393.0,5
Truck6583,22.201038050578305,1000393.0,5
Truck6584,22.201038050578305,1000393.0,5
Truck6585,22.201038050578305,1000393.0,5
Truck6586,22.201038050578305,1000393.0,5
Truck6587,22.201038050578305,1000393.0,5
Truck6588,22.201038050578305,1000393.0,5
Truck6589,22.201038050578305,1000393.0,5
Truck6590,22.201038050578305,1000393.0,5
Truck6591,22.201038050578305,1000393.0,5
Truck6592,22.201038050578305,1000393.0,5
Truck6593,22.201038050578305,1000393.0,5
Truck6594,22.201038050578305,1000393.0,5
Truck6595,22.201038050578305,1000393.0,5
Truck6596,22.201038050578305,1000393.0,5
Truck6597,22.201038050578305,1000393.0,5
Truck6598,22.201038050578305,1000393.0,5
Truck6599,22.201038050578305,1000393.0,5
Truck6600,22.201038050578305,1000393.0,5
Truck6601,22.201038050578305,1000393.0,5
Truck6602,22.201038050578305,1000393.0,5
Truck6603,22.201038050578305,1000393.0,5
Truck6604,22.201038050578305,1000393.0,5
Truck6605,22.201038050578305,1000393.0,5
Truck6606,22.201038050578305,1000393.0,5
Truck6607,22.201038050578305,1000393.0,5
Truck6608,22.201038050578305,1000393.0,5
Truck6609,22.201038050578305,1000393.0,5
Truck6610,22.201038050578305,1000393.0,5
Truck6611,22.201038050578305,1000393.0,5
Truck6612,22.201038050578305,1000393.0,5
Truck6613,22.201038050578305,1000393.0,5
Truck6614,22.201038050578305,1000393.0,5
Truck6615,22.201038050578305,1000393.0,5
Truck6616,22.201038050578305,1000393.0,5
Truck6617,22.201038050578305,1000393.0,5
Truck6618,22.201038050578305,1000393.0,5
Truck6619,22.201038050578305,1000393.0,5
Truck6620,22.201038050578305,1000393.0,5
Truck6621,22.201038050578305,1000393.0,5
Truck6622,22.201038050578305,1000393.0,5
Truck6623,22.201038050578305,1000393.0,5
Truck6624,22.201038050578305,1000393.0,5
Truck6625,22.201038050578305,1000393.0,5
Truck6626,22.201038050578305,1000393.0,5
Truck6627,22.201038050578305,1000393.0,5
Truck6628,22.201038050578305,1000393.0,5
Truck6629,22.201038050578305,1000393.0,5
Truck6630,22.201038050578305,1000393.0,5
Truck6631,22.201038050578305,1000393.0,5
Truck6632,22.201038050578305,1000393.0,5
Truck6633,22.201038050578305,1000393.0,5
Truck6634,22.201038050578305,1000393.0,5
Truck6635,22.201038050578305,1000393.0,5
Truck6636,22.201038050578305,1000393.0,5
Truck6637,22.201038050578305,1000393.0,5
Truck6638,22.201038050578305,1000393.0,5
Truck6639,22.201038050578305,1000393.0,5
Truck6640,22.201038050578305,1000393.0,5
Truck6641,22.201038050578305,1000393.0,5
Truck6642,22.201038050578305,1000393.0,5
Truck6643,22.201038050578305,1000393.0,5
Truck6644,22.201038050578305,1000393.0,5
Truck6645,22.201038050578305,1000393.0,5
Truck6646,22.201038050578305,1000393.0,5
Truck6647,22.201038050578305,1000393.0,5
Truck6648,22.201038050578305,1000393.0,5
Truck6649,22.201038050578305,1000393.0,5
Truck6650,22.201038050578305,1000393.0,5
Truck6651,22.201038050578305,1000393.0,5
Truck6652,22.201038050578305,1000393.0,5
Truck6653,22.201038050578305,1000393.0,5
Truck6654,22.201038050578305,1000393.0,5
Truck6655,22.201038050578305,1000393.0,5
Truck6656,22.201038050578305,1000393.0,5
Truck6657,22.201038050578305,1000393.0,5
Truck6658,22.201038050578305,1000393.0,5
Truck6659,22.201038050578305,1000393.0,5
Truck6660,22.201038050578305,1000393.0,5
Truck6661,22.201038050578305,1000393.0,5
Truck6662,22.201038050578305,1000393.0,5
Truck6663,22.201038050578305,1000393.0,5
Truck6664,22.201038050578305,1000393.0,5
Truck6665,22.201038050578305,1000393.0,5
Truck6666,22.201038050578305,1000393.0,5
Truck6667,22.201038050578305,1000393.0,5
Truck6668,22.201038050578305,1000393.0,5
Truck6669,22.201038050578305,1000393.0,5
Truck6670,22.201038050578305,1000393.0,5
Truck6671,22.201038050578305,1000393.0,5
Truck6672,22.201038050578305,1000393.0,5
Truck6673,22.201038050578305,1000393.0,5
Truck6674,22.201038050578305,1000393.0,5
Truck6675,22.201038050578305,1000393.0,5
Truck6676,22.201038050578305,1000393.0,5
Truck6677,22.201038050578305,1000393.0,5
Truck6678,22.201038050578305,1000393.0,5
Truck6679,22.201038050578305,1000393.0,5
Truck6680,22.201038050578305,1000393.0,5
Truck6681,22.201038050578305,1000393.0,5
Truck6682,22.201038050578305,1000393.0,5
Truck6683,22.201038050578305,1000393.0,5
Truck6684,22.201038050578305,1000393.0,5
Truck6685,22.201038050578305,1000393.0,5
Truck6686,22.201038050578305,1000393.0,5
Truck6687,22.201038050578305,1000393.0,5
Truck6688,22.201038050578305,1000393.0,5
Truck6689,22.201038050578305,1000393.0,5
Truck6690,22.201038050578305,1000393.0,5
Truck6691,22.201038050578305,1000393.0,5
Truck6692,22.201038050578305,1000393.0,5
Truck6693,22.201038050578305,1000393.0,5
Truck6694,22.201038050578305,1000393.0,5
Truck6695,22.201038050578305,1000393.0,5
Truck6696,22.201038050578305,1000393.0,5
Truck6697,22.201038050578305,1000393.0,5
Truck6698,22.201038050578305,1000393.0,5
Truck6699,22.201038050578305,1000393.0,5
Truck6700,22.201038050578305,1000393.0,5
Truck6701,22.201038050578305,1000393.0,5
Truck6702,22.201038050578305,1000393.0,5
Truck6703,22.201038050578305,1000393.0,5
Truck6704,22.201038050578305,1000393.0,5
Truck6705,22.201038050578305,1000393.0,5
Truck6706,22.201038050578305,1000393.0,5
Truck6707,22.201038050578305,1000393.0,5
Truck6708,22.201038050578305,1000393.0,5
Truck6709,22.201038050578305,1000393.0,5
Truck6710,22.201038050578305,1000393.0,5
Truck6711,22.201038050578305,1000393.0,5
Truck6712,22.201038050578305,1000393.0,5
Truck6713,22.201038050578305,1000393.0,5
Truck6714,22.201038050578305,1000393.0,5
Truck6715,22.201038050578305,1000393.0,5
Truck6716,22.201038050578305,1000393.0,5
Truck6717,22.201038050578305,1000393.0,5
Truck6718,22.201038050578305,1000393.0,5
Truck6719,22.201038050578305,1000393.0,5
Truck6720,22.201038050578305,1000393.0,5
Truck6721,22.201038050578305,1000393.0,5
Truck6722,22.201038050578305,1000393.0,5
Truck6723,22.201038050578305,1000393.0,5
Truck6724,22.201038050578305,1000393.0,5
Truck6725,22.201038050578305,1000393.0,5
Truck6726,22.201038050578305,1000393.0,5
Truck6727,22.201038050578305,1000393.0,5
Truck6728,22.201038050578305,1000393.0,5
Truck6729,22.201038050578305,1000393.0,5
Truck6730,22.201038050578305,1000393.0,5
Truck6731,22.201038050578305,1000393.0,5
Truck6732,22.201038050578305,1000393.0,5
Truck6733,22.201038050578305,1000393.0,5
Truck6734,22.201038050578305,1000393.0,5
Truck6735,22.201038050578305,1000393.0,5
Truck6736,22.201038050578305,1000393.0,5
Truck6737,22.201038050578305,1000393.0,5
Truck6738,22.201038050578305,1000393.0,5
Truck6739,22.201038050578305,1000393.0,5
Truck6740,22.201038050578305,1000393.0,5
Truck6741,22.201038050578305,1000393.0,5
Truck6742,22.201038050578305,1000393.0,5
Truck6743,22.201038050578305,1000393.0,5
Truck6744,22.201038050578305,1000393.0,5
Truck6745,22.201038050578305,1000393.0,5
Truck6746,22.201038050578305,1000393.0,5
Truck6747,22.201038050578305,1000393.0,5
Truck6748,22.201038050578305,1000393.0,5
Truck6749,22.201038050578305,1000393.0,5
Truck6750,22.201038050578305,1000393.0,5
Truck6751,22.201038050578305,1000393.0,5
Truck6752,22.201038050578305,1000393.0,5
Truck6753,22.201038050578305,1000393.0,5
Truck6754,22.201038050578305,1000393.0,5
Truck6755,22.201038050578305,1000393.0,5
Truck6756,22.201038050578305,1000393.0,5
Truck6757,22.201038050578305,1000393.0,5
Truck6758,22.201038050578305,1000393.0,5
Truck6759,22.201038050578305,1000393.0,5
Truck6760,22.201038050578305,1000393.0,5
Truck6761,22.201038050578305,1000393.0,5
Truck6762,22.201038050578305,1000393.0,5
Truck6763,22.201038050578305,1000393.0,5
Truck6764,22.201038050578305,1000393.0,5
Truck6765,22.201038050578305,1000393.0,5
Truck6766,22.201038050578305,1000393.0,5
Truck6767,22.201038050578305,1000393.0,5
Truck6768,22.201038050578305,1000393.0,5
Truck6769,22.201038050578305,1000393.0,5
Truck6770,22.201038050578305,1000393.0,5
Truck6771,22.201038050578305,1000393.0,5
Truck6772,22.201038050578305,1000393.0,5
Truck6773,22.201038050578305,1000393.0,5
Truck6774,22.201038050578305,1000393.0,5
Truck6775,22.201038050578305,1000393.0,5
Truck6776,22.201038050578305,1000393.0,5
Truck6777,22.201038050578305,1000393.0,5
Truck6778,22.201038050578305,1000393.0,5
Truck6779,22.201038050578305,1000393.0,5
Truck6780,22.201038050578305,1000393.0,5
Truck6781,22.201038050578305,1000393.0,5
Truck6782,22.201038050578305,1000393.0,5
Truck6783,22.201038050578305,1000393.0,5
Truck6784,22.201038050578305,1000393.0,5
Truck6785,22.201038050578305,1000393.0,5
Truck6786,22.201038050578305,1000393.0,5
Truck6787,22.201038050578305,1000393.0,5
Truck6788,22.201038050578305,1000393.0,5
Truck6789,22.201038050578305,1000393.0,5
Truck6790,22.201038050578305,1000393.0,5
Truck6791,22.201038050578305,1000393.0,5
Truck6792,22.201038050578305,1000393.0,5
Truck6793,22.201038050578305,1000393.0,5
Truck6794,22.201038050578305,1000393.0,5
Truck6795,22.201038050578305,1000393.0,5
Truck6796,22.201038050578305,1000393.0,5
Truck6797,22.201038050578305,1000393.0,5
Truck6798,22.201038050578305,1000393.0,5
Truck6799,22.201038050578305,1000393.0,5
Truck6800,22.201038050578305,1000393.0,5
Truck6801,22.201038050578305,1000393.0,5
Truck6802,22.201038050578305,1000393.0,5
Truck6803,22.201038050578305,1000393.0,5
Truck6804,22.201038050578305,1000393.0,5
Truck6805,22.201038050578305,1000393.0,5
Truck6806,22.201038050578305,1000393.0,5
Truck6807,22.201038050578305,1000393.0,5
Truck6808,22.201038050578305,1000393.0,5
Truck6809,22.201038050578305,1000393.0,5
Truck6810,22.201038050578305,1000393.0,5
Truck6811,22.201038050578305,1000393.0,5
Truck6812,22.201038050578305,1000393.0,5
Truck6813,22.201038050578305,1000393.0,5
Truck6814,22.201038050578305,1000393.0,5
Truck6815,22.201038050578305,1000393.0,5
Truck6816,22.201038050578305,1000393.0,5
Truck6817,22.201038050578305,1000393.0,5
Truck6818,22.201038050578305,1000393.0,5
Truck6819,22.201038050578305,1000393.0,5
Truck6820,22.201038050578305,1000393.0,5
Truck6821,22.201038050578305,1000393.0,5
Truck6822,22.201038050578305,1000393.0,5
Truck6823,22.201038050578305,1000393.0,5
Truck6824,22.201038050578305,1000393.0,5
Truck6825,22.201038050578305,1000393.0,5
Truck6826,22.201038050578305,1000393.0,5
Truck6827,22.201038050578305,1000393.0,5
Truck6828,22.201038050578305,1000393.0,5
Truck6829,22.201038050578305,1000393.0,5
Truck6830,22.201038050578305,1000393.0,5
Truck6831,22.201038050578305,1000393.0,5
Truck6832,22.201038050578305,1000393.0,5
Truck6833,22.201038050578305,1000393.0,5
Truck6834,22.201038050578305,1000393.0,5
Truck6835,22.201038050578305,1000393.0,5
Truck6836,22.201038050578305,1000393.0,5
Truck6837,22.201038050578305,1000393.0,5
Truck6838,22.201038050578305,1000393.0,5
Truck6839,22.201038050578305,1000393.0,5
Truck6840,22.201038050578305,1000393.0,5
Truck6841,22.201038050578305,1000393.0,5
Truck6842,22.201038050578305,1000393.0,5
Truck6843,22.201038050578305,1000393.0,5
Truck6844,22.201038050578305,1000393.0,5
Truck6845,22.201038050578305,1000393.0,5
Truck6846,22.201038050578305,1000393.0,5
Truck6847,22.201038050578305,1000393.0,5
Truck6848,22.201038050578305,1000393.0,5
Truck6849,22.201038050578305,1000393.0,5
Truck6850,22.201038050578305,1000393.0,5
Truck6851,22.201038050578305,1000393.0,5
Truck6852,22.201038050578305,1000393.0,5
Truck6853,22.201038050578305,1000393.0,5
Truck6854,22.201038050578305,1000393.0,5
Truck6855,22.201038050578305,1000393.0,5
Truck6856,22.201038050578305,1000393.0,5
Truck6857,22.201038050578305,1000393.0,5
Truck6858,22.201038050578305,1000393.0,5
Truck6859,22.201038050578305,1000393.0,5
Truck6860,22.201038050578305,1000393.0,5
Truck6861,22.201038050578305,1000393.0,5
Truck6862,22.201038050578305,1000393.0,5
Truck6863,22.201038050578305,1000393.0,5
Truck6864,22.201038050578305,1000393.0,5
Truck6865,22.201038050578305,1000393.0,5
Truck6866,22.201038050578305,1000393.0,5
Truck6867,22.201038050578305,1000393.0,5
Truck6868,22.201038050578305,1000393.0,5
Truck6869,22.201038050578305,1000393.0,5
Truck6870,22.201038050578305,1000393.0,5
Truck6871,22.201038050578305,1000393.0,5
Truck6872,22.201038050578305,1000393.0,5
Truck6873,22.201038050578305,1000393.0,5
Truck6874,22.201038050578305,1000393.0,5
Truck6875,22.201038050578305,1000393.0,5
Truck6876,22.201038050578305,1000393.0,5
Truck6877,22.201038050578305,1000393.0,5
Truck6878,22.201038050578305,1000393.0,5
Truck6879,22.201038050578305,1000393.0,5
Truck6880,22.201038050578305,1000393.0,5
Truck6881,22.201038050578305,1000393.0,5
Truck6882,22.201038050578305,1000393.0,5
Truck6883,22.201038050578305,1000393.0,5
Truck6884,22.201038050578305,1000393.0,5
Truck6885,22.201038050578305,1000393.0,5
Truck6886,22.201038050578305,1000393.0,5
Truck6887,22.201038050578305,1000393.0,5
Truck6888,22.201038050578305,1000393.0,5
Truck6889,22.201038050578305,1000393.0,5
Truck6890,22.201038050578305,1000393.0,5
Truck6891,22.201038050578305,1000393.0,5
Truck6892,22.201038050578305,1000393.0,5
Truck6893,22.201038050578305,1000393.0,5
Truck6894,22.201038050578305,1000393.0,5
Truck6895,22.201038050578305,1000393.0,5
Truck6896,22.201038050578305,1000393.0,5
Truck6897,22.201038050578305,1000393.0,5
Truck6898,22.201038050578305,1000393.0,5
Truck6899,22.201038050578305,1000393.0,5
Truck6900,22.201038050578305,1000393.0,5
Truck6901,22.201038050578305,1000393.0,5
Truck6902,22.201038050578305,1000393.0,5
Truck6903,22.201038050578305,1000393.0,5
Truck6904,22.201038050578305,1000393.0,5
Truck6905,22.201038050578305,1000393.0,5
Truck6906,22.201038050578305,1000393.0,5
Truck6907,22.201038050578305,1000393.0,5
Truck6908,22.201038050578305,1000393.0,5
Truck6909,22.201038050578305,1000393.0,5
Truck6910,22.201038050578305,1000393.0,5
Truck6911,22.201038050578305,1000393.0,5
Truck6912,22.201038050578305,1000393.0,5
Truck6913,22.201038050578305,1000393.0,5
Truck6914,22.201038050578305,1000393.0,5
Truck6915,22.201038050578305,1000393.0,5
Truck6916,22.201038050578305,1000393.0,5
Truck6917,22.201038050578305,1000393.0,5
Truck6918,22.201038050578305,1000393.0,5
Truck6919,22.201038050578305,1000393.0,5
Truck6920,22.201038050578305,1000393.0,5
Truck6921,22.201038050578305,1000393.0,5
Truck6922,22.201038050578305,1000393.0,5
Truck6923,22.201038050578305,1000393.0,5
Truck6924,22.201038050578305,1000393.0,5
Truck6925,22.201038050578305,1000393.0,5
Truck6926,22.201038050578305,1000393.0,5
Truck6927,22.201038050578305,1000393.0,5
Truck6928,22.201038050578305,1000393.0,5
Truck6929,22.201038050578305,1000393.0,5
Truck6930,22.201038050578305,1000393.0,5
Truck6931,22.201038050578305,1000393.0,5
Truck6932,22.201038050578305,1000393.0,5
Truck6933,22.201038050578305,1000393.0,5
Truck6934,22.201038050578305,1000393.0,5
Truck6935,22.201038050578305,1000393.0,5
Truck6936,22.201038050578305,1000393.0,5
Truck6937,22.201038050578305,1000393.0,5
Truck6938,22.201038050578305,1000393.0,5
Truck6939,22.201038050578305,1000393.0,5
Truck6940,22.201038050578305,1000393.0,5
Truck6941,22.201038050578305,1000393.0,5
Truck6942,22.201038050578305,1000393.0,5
Truck6943,22.201038050578305,1000393.0,5
Truck6944,22.201038050578305,1000393.0,5
Truck6945,22.201038050578305,1000393.0,5
Truck6946,22.201038050578305,1000393.0,5
Truck6947,22.201038050578305,1000393.0,5
Truck6948,22.201038050578305,1000393.0,5
Truck6949,22.201038050578305,1000393.0,5
Truck6950,22.201038050578305,1000393.0,5
Truck6951,22.201038050578305,1000393.0,5
Truck6952,22.201038050578305,1000393.0,5
Truck6953,22.201038050578305,1000393.0,5
Truck6954,22.201038050578305,1000393.0,5
Truck6955,22.201038050578305,1000393.0,5
Truck6956,22.201038050578305,1000393.0,5
Truck6957,22.201038050578305,1000393.0,5
Truck6958,22.201038050578305,1000393.0,5
Truck6959,22.201038050578305,1000393.0,5
Truck6960,22.201038050578305,1000393.0,5
Truck6961,22.201038050578305,1000393.0,5
Truck6962,22.201038050578305,1000393.0,5
Truck6963,22.201038050578305,1000393.0,5
Truck6964,22.201038050578305,1000393.0,5
Truck6965,22.201038050578305,1000393.0,5
Truck6966,22.201038050578305,1000393.0,5
Truck6967,22.201038050578305,1000393.0,5
Truck6968,22.201038050578305,1000393.0,5
Truck6969,22.201038050578305,1000393.0,5
Truck6970,22.201038050578305,1000393.0,5
Truck6971,22.201038050578305,1000393.0,5
Truck6972,22.201038050578305,1000393.0,5
Truck6973,22.201038050578305,1000393.0,5
Truck6974,22.201038050578305,1000393.0,5
Truck6975,22.201038050578305,1000393.0,5
Truck6976,22.201038050578305,1000393.0,5
Truck6977,22.201038050578305,1000393.0,5
Truck6978,22.201038050578305,1000393.0,5
Truck6979,22.201038050578305,1000393.0,5
Truck6980,22.201038050578305,1000393.0,5
Truck6981,22.201038050578305,1000393.0,5
Truck6982,22.201038050578305,1000393.0,5
Truck6983,22.201038050578305,1000393.0,5
Truck6984,22.201038050578305,1000393.0,5
Truck6985,22.201038050578305,1000393.0,5
Truck6986,22.201038050578305,1000393.0,5
Truck6987,22.201038050578305,1000393.0,5
Truck6988,22.201038050578305,1000393.0,5
Truck6989,22.201038050578305,1000393.0,5
Truck6990,22.201038050578305,1000393.0,5
Truck6991,22.201038050578305,1000393.0,5
Truck6992,22.201038050578305,1000393.0,5
Truck6993,22.201038050578305,1000393.0,5
Truck6994,22.201038050578305,1000393.0,5
Truck6995,22.201038050578305,1000393.0,5
Truck6996,22.201038050578305,1000393.0,5
Truck6997,22.201038050578305,1000393.0,5
Truck6998,22.201038050578305,1000393.0,5
Truck6999,22.201038050578305,1000393.0,5
Truck7000,22.201038050578305,1000393.0,5
Truck7001,22.201038050578305,1000393.0,5
Truck7002,22.201038050578305,1000393.0,5
Truck7003,22.201038050578305,1000393.0,5
Truck7004,22.201038050578305,1000393.0,5
Truck7005,22.201038050578305,1000393.0,5
Truck7006,22.201038050578305,1000393.0,5
Truck7007,22.201038050578305,1000393.0,5
Truck7008,22.201038050578305,1000393.0,5
Truck7009,22.201038050578305,1000393.0,5
Truck7010,22.201038050578305,1000393.0,5
Truck7011,22.201038050578305,1000393.0,5
Truck7012,22.201038050578305,1000393.0,5
Truck7013,22.201038050578305,1000393.0,5
Truck7014,22.201038050578305,1000393.0,5
Truck7015,22.201038050578305,1000393.0,5
Truck7016,22.201038050578305,1000393.0,5
Truck7017,22.201038050578305,1000393.0,5
Truck7018,22.201038050578305,1000393.0,5
Truck7019,22.201038050578305,1000393.0,5
Truck7020,22.201038050578305,1000393.0,5
Truck7021,22.201038050578305,1000393.0,5
Truck7022,22.201038050578305,1000393.0,5
Truck7023,22.201038050578305,1000393.0,5
Truck7024,22.201038050578305,1000393.0,5
Truck7025,22.201038050578305,1000393.0,5
Truck7026,22.201038050578305,1000393.0,5
Truck7027,22.201038050578305,1000393.0,5
Truck7028,22.201038050578305,1000393.0,5
Truck7029,22.201038050578305,1000393.0,5
Truck7030,22.201038050578305,1000393.0,5
Truck7031,22.201038050578305,1000393.0,5
Truck7032,22.201038050578305,1000393.0,5
Truck7033,22.201038050578305,1000393.0,5
Truck7034,22.201038050578305,1000393.0,5
Truck7035,22.201038050578305,1000393.0,5
Truck7036,22.201038050578305,1000393.0,5
Truck7037,22.201038050578305,1000393.0,5
Truck7038,22.201038050578305,1000393.0,5
Truck7039,22.201038050578305,1000393.0,5
Truck7040,22.201038050578305,1000393.0,5
Truck7041,22.201038050578305,1000393.0,5
Truck7042,22.201038050578305,1000393.0,5
Truck7043,22.201038050578305,1000393.0,5
Truck7044,22.201038050578305,1000393.0,5
Truck7045,22.201038050578305,1000393.0,5
Truck7046,22.201038050578305,1000393.0,5
Truck7047,22.201038050578305,1000393.0,5
Truck7048,22.201038050578305,1000393.0,5
Truck7049,22.201038050578305,1000393.0,5
Truck7050,22.201038050578305,1000393.0,5
Truck7051,22.201038050578305,1000393.0,5
Truck7052,22.201038050578305,1000393.0,5
Truck7053,22.201038050578305,1000393.0,5
Truck7054,22.201038050578305,1000393.0,5
Truck7055,22.201038050578305,1000393.0,5
Truck7056,22.201038050578305,1000393.0,5
Truck7057,22.201038050578305,1000393.0,5
Truck7058,22.201038050578305,1000393.0,5
Truck7059,22.201038050578305,1000393.0,5
Truck7060,22.201038050578305,1000393.0,5
Truck7061,22.201038050578305,1000393.0,5
Truck7062,22.201038050578305,1000393.0,5
Truck7063,22.201038050578305,1000393.0,5
Truck7064,22.201038050578305,1000393.0,5
Truck7065,22.201038050578305,1000393.0,5
Truck7066,22.201038050578305,1000393.0,5
Truck7067,22.201038050578305,1000393.0,5
Truck7068,22.201038050578305,1000393.0,5
Truck7069,22.201038050578305,1000393.0,5
Truck7070,22.201038050578305,1000393.0,5
Truck7071,22.201038050578305,1000393.0,5
Truck7072,22.201038050578305,1000393.0,5
Truck7073,22.201038050578305,1000393.0,5
Truck7074,22.201038050578305,1000393.0,5
Truck7075,22.201038050578305,1000393.0,5
Truck7076,22.201038050578305,1000393.0,5
Truck7077,22.201038050578305,1000393.0,5
Truck7078,22.201038050578305,1000393.0,5
Truck7079,22.201038050578305,1000393.0,5
Truck7080,22.201038050578305,1000393.0,5
Truck7081,22.201038050578305,1000393.0,5
Truck7082,22.201038050578305,1000393.0,5
Truck7083,22.201038050578305,1000393.0,5
Truck7084,22.201038050578305,1000393.0,5
Truck7085,22.201038050578305,1000393.0,5
Truck7086,22.201038050578305,1000393.0,5
Truck7087,22.201038050578305,1000393.0,5
Truck7088,22.201038050578305,1000393.0,5
Truck7089,22.201038050578305,1000393.0,5
Truck7090,22.201038050578305,1000393.0,5
Truck7091,22.201038050578305,1000393.0,5
Truck7092,22.201038050578305,1000393.0,5
Truck7093,22.201038050578305,1000393.0,5
Truck7094,22.201038050578305,1000393.0,5
Truck7095,22.201038050578305,1000393.0,5
Truck7096,22.201038050578305,1000393.0,5
Truck7097,22.201038050578305,1000393.0,5
Truck7098,22.201038050578305,1000393.0,5
Truck7099,22.201038050578305,1000393.0,5
Truck7100,22.201038050578305,1000393.0,5
Truck7101,22.201038050578305,1000393.0,5
Truck7102,22.201038050578305,1000393.0,5
Truck7103,22.201038050578305,1000393.0,5
Truck7104,22.201038050578305,1000393.0,5
Truck7105,22.201038050578305,1000393.0,5
Truck7106,22.201038050578305,1000393.0,5
Truck7107,22.201038050578305,1000393.0,5
Truck7108,22.201038050578305,1000393.0,5
Truck7109,22.201038050578305,1000393.0,5
Truck7110,22.201038050578305,1000393.0,5
Truck7111,22.201038050578305,1000393.0,5
Truck7112,22.201038050578305,1000393.0,5
Truck7113,22.201038050578305,1000393.0,5
Truck7114,22.201038050578305,1000393.0,5
Truck7115,22.201038050578305,1000393.0,5
Truck7116,22.201038050578305,1000393.0,5
Truck7117,22.201038050578305,1000393.0,5
Truck7118,22.201038050578305,1000393.0,5
Truck7119,22.201038050578305,1000393.0,5
Truck7120,22.201038050578305,1000393.0,5
Truck7121,22.201038050578305,1000393.0,5
Truck7122,22.201038050578305,1000393.0,5
Truck7123,22.201038050578305,1000393.0,5
Truck7124,22.201038050578305,1000393.0,5
Truck7125,22.201038050578305,1000393.0,5
Truck7126,22.201038050578305,1000393.0,5
Truck7127,22.201038050578305,1000393.0,5
Truck7128,22.201038050578305,1000393.0,5
Truck7129,22.201038050578305,1000393.0,5
Truck7130,22.201038050578305,1000393.0,5
Truck7131,22.201038050578305,1000393.0,5
Truck7132,22.201038050578305,1000393.0,5
Truck7133,22.201038050578305,1000393.0,5
Truck7134,22.201038050578305,1000393.0,5
Truck7135,22.201038050578305,1000393.0,5
Truck7136,22.201038050578305,1000393.0,5
Truck7137,22.201038050578305,1000393.0,5
Truck7138,22.201038050578305,1000393.0,5
Truck7139,22.201038050578305,1000393.0,5
Truck7140,22.201038050578305,1000393.0,5
Truck7141,22.201038050578305,1000393.0,5
Truck7142,22.201038050578305,1000393.0,5
Truck7143,22.201038050578305,1000393.0,5
Truck7144,22.201038050578305,1000393.0,5
Truck7145,22.201038050578305,1000393.0,5
