road,id,model_type,name,lat,lon,length,condition
N1,1000000,source,source,23.7060278,90.443333,0.0,
N1,1000001,bridge,bridge 1,23.69873866,90.4588610799999,11.3,A
N1,1000002,link,link 1,0.0,0.0,4925.0,
N1,1000003,bridge,bridge 2,23.6946638363636,90.4877749181818,6.6,A
N1,1000004,link,link 12706,4925.0,4925.0,4051.0,
N1,1000005,bridge,bridge 3,23.7050598925675,90.5232141463513,397.0,C
N1,1000006,link,link 14585,8976.0,8976.0,1567.0,
N1,1000007,bridge,bridge 4,23.6964000869109,90.5350989801047,8.0,B
N1,1000008,link,link 3,10543.0,10543.0,337.0,
N1,1000009,bridge,bridge 5,23.6943906141361,90.5375740774869,6.3,A
N1,1000010,link,link 4,10880.0,10880.0,17.0,
N1,1000011,bridge,bridge 6,23.6943023869158,90.5377073719626,6.3,A
N1,1000012,link,link 5,10897.0,10897.0,399.0,
N1,1000013,bridge,bridge 7,23.6923601518691,90.5409183897196,8.3,A
N1,1000014,link,link 14586,11296.0,11296.0,512.0,
N1,1000015,bridge,bridge 8,23.6909119315151,90.5454624957575,10.6,B
N1,1000016,link,link 6,11808.0,11808.0,431.0,
N1,1000017,bridge,bridge 9,23.6884123260204,90.5485585290816,9.3,A
N1,1000018,link,link 7,12239.0,12239.0,14.0,
N1,1000019,bridge,bridge 10,23.6883197331632,90.548649807653,6.1,A
N1,1000020,link,link 8,12253.0,12253.0,407.0,
N1,1000021,bridge,bridge 11,23.685583027027,90.551207981081,27.5,A
N1,1000022,link,link 11,12660.0,12660.0,28.0,
N1,1000023,bridge,bridge 12,23.6853619779342,90.5513591765258,27.5,A
N1,1000024,link,link 12,12688.0,12688.0,886.0,
N1,1000025,bridge,bridge 13,23.6778035,90.5558194349999,11.9,A
N1,1000026,link,link 14587,13574.0,13574.0,1891.0,
N1,1000027,bridge,bridge 14,23.6633090696149,90.563856994797,5.55,B
N1,1000028,link,link 12707,15465.0,15465.0,1669.0,
N1,1000029,bridge,bridge 15,23.6544257051136,90.576730225,159.52,C
N1,1000030,link,link 14,17134.0,17134.0,88.0,
N1,1000031,bridge,bridge 16,23.65397226,90.57741042,20.5,A
N1,1000032,link,link 14589,17222.0,17222.0,500.0,
N1,1000033,bridge,bridge 17,23.6515705663716,90.5814943946902,20.0,B
N1,1000034,link,link 14592,17722.0,17722.0,371.0,
N1,1000035,bridge,bridge 18,23.6497543993548,90.5845490085483,25.5,B
N1,1000036,link,link 12708,18093.0,18093.0,649.0,
N1,1000037,bridge,bridge 19,23.6459685949152,90.5892119813559,40.5,C
N1,1000038,link,link 16,18742.0,18742.0,1018.0,
N1,1000039,bridge,bridge 20,23.6379543715384,90.5936673976923,6.0,A
N1,1000040,link,link 14597,19760.0,19760.0,637.0,
N1,1000041,bridge,bridge 21,23.63380522,90.597394085,10.4,B
N1,1000042,link,link 18,20397.0,20397.0,787.0,
N1,1000043,bridge,bridge 22,23.6284668507692,90.6023015723077,89.75,A
N1,1000044,link,link 14598,21184.0,21184.0,1144.0,
N1,1000045,bridge,bridge 23,23.6198832229508,90.6083528852459,5.5,B
N1,1000046,link,link 14601,22328.0,22328.0,268.0,
N1,1000047,bridge,bridge 24,23.6176407964705,90.6095506105882,224.82,B
N1,1000048,link,link 23,22596.0,22596.0,485.0,
N1,1000049,bridge,bridge 25,23.613587384385,90.6109029561497,120.1,A
N1,1000050,link,link 24,23081.0,23081.0,1312.0,
N1,1000051,bridge,bridge 26,23.6027595885583,90.6155316965675,924.85,A
N1,1000052,link,link 25,24393.0,24393.0,1722.0,
N1,1000053,bridge,bridge 27,23.5929818827893,90.6279699370919,5.6,A
N1,1000054,link,link 26,26115.0,26115.0,337.0,
N1,1000055,bridge,bridge 28,23.5908088547468,90.6302368598101,5.5,A
N1,1000056,link,link 27,26452.0,26452.0,668.0,
N1,1000057,bridge,bridge 29,23.58631812254,90.6345094207093,5.6,A
N1,1000058,link,link 29,27120.0,27120.0,1195.0,
N1,1000059,bridge,bridge 30,23.5779800248475,90.6419193089939,173.25,A
N1,1000060,link,link 31,28315.0,28315.0,823.0,
N1,1000061,bridge,bridge 31,23.5716306256965,90.6454159236842,29.85,A
N1,1000062,link,link 35,29138.0,29138.0,704.0,
N1,1000063,bridge,bridge 32,23.5660033956521,90.6486237247282,34.7,A
N1,1000064,link,link 37,29842.0,29842.0,1066.0,
N1,1000065,bridge,bridge 33,23.5591910296296,90.6557475703703,27.4,A
N1,1000066,link,link 39,30908.0,30908.0,564.0,
N1,1000067,bridge,bridge 34,23.5557082901265,90.6597414245569,29.85,A
N1,1000068,link,link 44,31472.0,31472.0,649.0000000000036,
N1,1000069,bridge,bridge 35,23.5517421907216,90.6643538752577,29.9,A
N1,1000070,link,link 47,32121.000000000004,32121.000000000004,655.9999999999964,
N1,1000071,bridge,bridge 36,23.5477377446428,90.6690554098214,9.1,A
N1,1000072,link,link 48,32777.0,32777.0,19.0,
N1,1000073,bridge,bridge 37,23.5476246437499,90.669192065625,5.2,A
N1,1000074,link,link 49,32796.0,32796.0,795.0,
N1,1000075,bridge,bridge 38,23.54268543125,90.6748292125,72.49,A
N1,1000076,link,link 12710,33591.0,33591.0,520.0,
N1,1000077,bridge,bridge 39,23.5393910168,90.6784577888,5.1,C
N1,1000078,link,link 53,34111.0,34111.0,1070.0,
N1,1000079,bridge,bridge 40,23.5327751898617,90.6858701078341,9.5,A
N1,1000080,link,link 55,35181.0,35181.0,227.0,
N1,1000081,bridge,bridge 41,23.5313996605222,90.68744892596,25.45,A
N1,1000082,link,link 56,35408.0,35408.0,299.0,
N1,1000083,bridge,bridge 42,23.5301519626506,90.6897951837349,8.4,A
N1,1000084,link,link 57,35707.0,35707.0,1303.0,
N1,1000085,bridge,bridge 43,23.5303844733,90.7024402743,1408.8,A
N1,1000086,link,link 12712,37010.0,37010.0,2294.0,
N1,1000087,bridge,bridge 44,23.5324186,90.7242807234,23.1,C
N1,1000088,link,link 14606,39304.0,39304.0,556.0,
N1,1000089,bridge,bridge 45,23.5317587831999,90.7291780095,6.0,B
N1,1000090,link,link 12715,39860.0,39860.0,3076.0,
N1,1000091,bridge,bridge 46,23.5298050611,90.75825325,16.5,C
N1,1000092,link,link 12716,42936.0,42936.0,2228.0,
N1,1000093,bridge,bridge 47,23.5307655282208,90.7800797251533,3.9,C
N1,1000094,link,link 12717,45164.0,45164.0,1707.0,
N1,1000095,bridge,bridge 48,23.5308683409424,90.7918075171727,6.5,C
N1,1000096,link,link 58,46871.0,46871.0,1513.0,
N1,1000097,bridge,bridge 49,23.5318234765,90.8110155135,15.9,A
N1,1000098,link,link 59,48384.0,48384.0,2174.0,
N1,1000099,bridge,bridge 50,23.5329743291,90.8309774761999,12.2,A
N1,1000100,link,link 12719,50558.0,50558.0,1755.0,
N1,1000101,bridge,bridge 51,23.5229166652,90.8442186132,4.5,C
N1,1000102,link,link 12720,52313.0,52313.0,3693.0,
N1,1000103,bridge,bridge 52,23.510087758207,90.8757204035353,28.9,C
N1,1000104,link,link 14608,56006.0,56006.0,2832.0,
N1,1000105,bridge,bridge 53,23.5060024341,90.9021745389,5.9,B
N1,1000106,link,link 14609,58838.0,58838.0,1992.0,
N1,1000107,bridge,bridge 54,23.5056131416,90.9214660218,3.0,B
N1,1000108,link,link 14610,60830.0,60830.0,2268.0,
N1,1000109,bridge,bridge 55,23.5024077848,90.9432418928,6.0,B
N1,1000110,link,link 60,63098.0,63098.0,440.0,
N1,1000111,bridge,bridge 56,23.5013551924,90.9473844088999,3.0,A
N1,1000112,link,link 14611,63538.0,63538.0,2640.0,
N1,1000113,bridge,bridge 57,23.495896314,90.9715772516,4.6,B
N1,1000114,link,link 61,66178.0,66178.0,1862.0,
N1,1000115,bridge,bridge 58,23.4932728146,90.9887200416,4.5,A
N1,1000116,link,link 12721,68040.0,68040.0,3116.0,
N1,1000117,bridge,bridge 59,23.4868805937254,91.017566692647,23.1,C
N1,1000118,link,link 14612,71156.0,71156.0,3123.0,
N1,1000119,bridge,bridge 60,23.4817873233065,91.0463348850746,4.6,B
N1,1000120,link,link 14613,74279.0,74279.0,1033.0,
N1,1000121,bridge,bridge 61,23.4817498298684,91.0563549686842,4.6,B
N1,1000122,link,link 62,75312.0,75312.0,1169.0,
N1,1000123,bridge,bridge 62,23.480613086,91.0674097692,1.5,A
N1,1000124,link,link 12723,76481.0,76481.0,1901.0,
N1,1000125,bridge,bridge 63,23.4776722851,91.0847406393,1.0,C
N1,1000126,link,link 14614,78382.0,78382.0,2567.0,
N1,1000127,bridge,bridge 64,23.4781159049382,91.1070332074074,3.0,B
N1,1000128,link,link 63,80949.0,80949.0,1488.0,
N1,1000129,bridge,bridge 65,23.4794083880733,91.1238920825688,1.4,A
N1,1000130,link,link 64,82437.0,82437.0,552.0,
N1,1000131,bridge,bridge 66,23.479544924,91.129047144,2.9,A
N1,1000132,link,link 65,82989.0,82989.0,4724.0,
N1,1000133,bridge,bridge 67,23.4436339598272,91.1493668151188,23.4,A
N1,1000134,link,link 12725,87713.0,87713.0,3379.0,
N1,1000135,bridge,bridge 68,23.4212487704918,91.1678943372365,35.97,C
N1,1000136,link,link 14616,91092.0,91092.0,2508.0,
N1,1000137,bridge,bridge 69,23.4119324230158,91.1939029849206,27.9,B
N1,1000138,link,link 66,93600.0,93600.0,3657.0,
N1,1000139,bridge,bridge 70,23.3976518197887,91.2234221346859,27.9,A
N1,1000140,link,link 67,97257.0,97257.0,3681.0,
N1,1000141,bridge,bridge 71,23.3713647755,91.2450175414999,30.48,A
N1,1000142,link,link 12729,100938.0,100938.0,2518.0,
N1,1000143,bridge,bridge 72,23.3521636774381,91.2572910746724,22.88,C
N1,1000144,link,link 69,103456.0,103456.0,1297.0,
N1,1000145,bridge,bridge 73,23.342671472,91.264485636,14.3,A
N1,1000146,link,link 70,104753.0,104753.0,1766.0,
N1,1000147,bridge,bridge 74,23.3301462324,91.2748792824,24.0,A
N1,1000148,link,link 71,106519.0,106519.0,1606.0,
N1,1000149,bridge,bridge 75,23.3180696869138,91.2830867321701,9.2,A
N1,1000150,link,link 14617,108125.0,108125.0,1164.0,
N1,1000151,bridge,bridge 76,23.3083612731261,91.2865787034735,19.2,B
N1,1000152,link,link 14618,109289.0,109289.0,608.0,
N1,1000153,bridge,bridge 77,23.3034306450331,91.2889770397351,2.6,B
N1,1000154,link,link 72,109897.0,109897.0,654.0,
N1,1000155,bridge,bridge 78,23.2979675271676,91.2910141369942,3.2,A
N1,1000156,link,link 73,110551.0,110551.0,958.0,
N1,1000157,bridge,bridge 79,23.2897066386454,91.2929584711155,13.4,A
N1,1000158,link,link 14619,111509.0,111509.0,960.0,
N1,1000159,bridge,bridge 80,23.2821949258397,91.2966655096899,4.6,B
N1,1000160,link,link 14620,112469.0,112469.0,1248.0,
N1,1000161,bridge,bridge 81,23.27301895,91.3029661882,6.3,B
N1,1000162,link,link 14621,113717.0,113717.0,1335.0,
N1,1000163,bridge,bridge 82,23.2618360940594,91.3070217386138,3.0,B
N1,1000164,link,link 14622,115052.0,115052.0,274.0,
N1,1000165,bridge,bridge 83,23.25941665,91.3073611,3.0,B
N1,1000166,link,link 14623,115326.0,115326.0,199.0,
N1,1000167,bridge,bridge 84,23.2576429774881,91.3076156494075,3.6,B
N1,1000168,link,link 14624,115525.0,115525.0,549.0,
N1,1000169,bridge,bridge 85,23.2527463398104,91.3083926405213,4.5,B
N1,1000170,link,link 14625,116074.0,116074.0,1013.0,
N1,1000171,bridge,bridge 86,23.2443915125925,91.3114032292592,2.5,B
N1,1000172,link,link 14626,117087.0,117087.0,182.0,
N1,1000173,bridge,bridge 87,23.2429040619631,91.3119739539877,19.2,B
N1,1000174,link,link 74,117269.0,117269.0,358.0,
N1,1000175,bridge,bridge 88,23.2397920309669,91.3125740860465,2.6,A
N1,1000176,link,link 75,117627.0,117627.0,422.0,
N1,1000177,bridge,bridge 89,23.2360759516523,91.3129901976744,2.5,A
N1,1000178,link,link 14627,118049.0,118049.0,807.0,
N1,1000179,bridge,bridge 90,23.2289195919642,91.3134220678571,3.1,B
N1,1000180,link,link 14628,118856.0,118856.0,334.0,
N1,1000181,bridge,bridge 91,23.2259184472573,91.3135697177215,2.6,B
N1,1000182,link,link 76,119190.0,119190.0,438.0,
N1,1000183,bridge,bridge 92,23.2220338977777,91.3137005933333,6.0,A
N1,1000184,link,link 14629,119628.0,119628.0,1006.0,
N1,1000185,bridge,bridge 93,23.2131955721448,91.3153497403899,14.3,B
N1,1000186,link,link 77,120634.0,120634.0,933.0,
N1,1000187,bridge,bridge 94,23.2050386287937,91.3163167282749,6.1,A
N1,1000188,link,link 78,121567.0,121567.0,1036.0,
N1,1000189,bridge,bridge 95,23.1961887953757,91.3176705069364,6.1,A
N1,1000190,link,link 12730,122603.0,122603.0,1078.0,
N1,1000191,bridge,bridge 96,23.1874350254302,91.3209051317399,6.1,C
N1,1000192,link,link 14630,123681.0,123681.0,665.0,
N1,1000193,bridge,bridge 97,23.1817958149837,91.3208787514658,9.5,B
N1,1000194,link,link 14631,124346.0,124346.0,1064.0,
N1,1000195,bridge,bridge 98,23.1726272318681,91.3205774642857,3.1,B
N1,1000196,link,link 79,125410.0,125410.0,1038.0,
N1,1000197,bridge,bridge 99,23.1635138669191,91.3215889464646,9.5,A
N1,1000198,link,link 14632,126448.0,126448.0,1225.0,
N1,1000199,bridge,bridge 100,23.1527364949367,91.3243178772152,6.3,B
N1,1000200,link,link 14633,127673.0,127673.0,1094.0,
N1,1000201,bridge,bridge 101,23.1436667679334,91.3266680470308,3.5,B
N1,1000202,link,link 14634,128767.0,128767.0,524.0,
N1,1000203,bridge,bridge 102,23.1389893200345,91.3263585348877,6.1,B
N1,1000204,link,link 14635,129291.0,129291.0,664.0000000000146,
N1,1000205,bridge,bridge 103,23.1332639685968,91.327546416481,3.0,B
N1,1000206,link,link 80,129955.00000000001,129955.00000000001,956.9999999999854,
N1,1000207,bridge,bridge 104,23.1252363577777,91.3303863688888,6.5,A
N1,1000208,link,link 14636,130912.0,130912.0,665.0,
N1,1000209,bridge,bridge 105,23.1196973774193,91.3328165129032,4.5,B
N1,1000210,link,link 14637,131577.0,131577.0,502.0,
N1,1000211,bridge,bridge 106,23.1158251554,91.335094485,5.3,B
N1,1000212,link,link 81,132079.0,132079.0,1076.0,
N1,1000213,bridge,bridge 107,23.1074284451388,91.3400495436111,6.1,A
N1,1000214,link,link 14638,133155.0,133155.0,718.0,
N1,1000215,bridge,bridge 108,23.1017563206521,91.343162998913,3.1,B
N1,1000216,link,link 14639,133873.0,133873.0,553.0,
N1,1000217,bridge,bridge 109,23.0973512527272,91.3454956309091,9.5,B
N1,1000218,link,link 82,134426.0,134426.0,548.0,
N1,1000219,bridge,bridge 110,23.0930298369186,91.3478308386627,3.1,A
N1,1000220,link,link 14640,134974.0,134974.0,749.0,
N1,1000221,bridge,bridge 111,23.0870753710144,91.3512101492753,9.25,B
N1,1000222,link,link 83,135723.0,135723.0,652.0,
N1,1000223,bridge,bridge 112,23.0819909531309,91.3541811474383,3.5,A
N1,1000224,link,link 14641,136375.0,136375.0,524.0,
N1,1000225,bridge,bridge 113,23.0779647046997,91.3566005031331,14.2,B
N1,1000226,link,link 14642,136899.0,136899.0,957.0,
N1,1000227,bridge,bridge 114,23.070198184,91.3603022,6.1,B
N1,1000228,link,link 14643,137856.0,137856.0,1097.0,
N1,1000229,bridge,bridge 115,23.0607473333333,91.3618624619047,4.0,B
N1,1000230,link,link 84,138953.0,138953.0,2578.0,
N1,1000231,bridge,bridge 116,23.0379728055555,91.3656784724359,10.8,A
N1,1000232,link,link 85,141531.0,141531.0,1262.0,
N1,1000233,bridge,bridge 117,23.0269801170731,91.3655004839721,1.6,A
N1,1000234,link,link 86,142793.0,142793.0,2146.0,
N1,1000235,bridge,bridge 118,23.0124048410423,91.3779796149837,3.4,A
N1,1000236,link,link 87,144939.0,144939.0,2357.0,
N1,1000237,bridge,bridge 119,22.999248756,91.3957752,1.5,A
N1,1000238,link,link 88,147296.0,147296.0,855.0,
N1,1000239,bridge,bridge 120,22.9947280792802,91.4022894900763,23.4,A
N1,1000240,link,link 89,148151.0,148151.0,23.0,
N1,1000241,bridge,bridge 121,22.9945936133042,91.4024539137404,22.15,A
N1,1000242,link,link 90,148174.0,148174.0,321.0,
N1,1000243,bridge,bridge 122,22.9927169359869,91.4047486961832,1.9,A
N1,1000244,link,link 12731,148495.0,148495.0,5348.0,
N1,1000245,bridge,bridge 123,22.9614487369369,91.4429962027027,98.87,C
N1,1000246,link,link 91,153843.0,153843.0,4188.0,
N1,1000247,bridge,bridge 124,22.9486038666666,91.4794993833333,1.5,A
N1,1000248,link,link 14647,158031.0,158031.0,2348.0,
N1,1000249,bridge,bridge 125,22.9496126090047,91.502066899526,193.22,B
N1,1000250,link,link 92,160379.0,160379.0,4804.0,
N1,1000251,bridge,bridge 126,22.9149647061403,91.5262895350877,222.43,A
N1,1000252,link,link 93,165183.0,165183.0,642.0,
N1,1000253,bridge,bridge 127,22.9097128884012,91.5289285034482,6.1,A
N1,1000254,link,link 94,165825.0,165825.0,654.0,
N1,1000255,bridge,bridge 128,22.9042462955223,91.5316297776119,3.0,A
N1,1000256,link,link 95,166479.0,166479.0,1484.0,
N1,1000257,bridge,bridge 129,22.8916386,91.5354719,3.0,A
N1,1000258,link,link 96,167963.0,167963.0,1970.0,
N1,1000259,bridge,bridge 130,22.8746986941176,91.5408836647058,4.3,A
N1,1000260,link,link 97,169933.0,169933.0,241.0,
N1,1000261,bridge,bridge 131,22.872722034892,91.5415958766187,2.0,A
N1,1000262,link,link 98,170174.0,170174.0,551.0,
N1,1000263,bridge,bridge 132,22.8680563702127,91.5432963340425,1.5,A
N1,1000264,link,link 99,170725.0,170725.0,829.0,
N1,1000265,bridge,bridge 133,22.8609876872509,91.5451551717131,4.3,A
N1,1000266,link,link 100,171554.0,171554.0,174.0,
N1,1000267,bridge,bridge 134,22.8594847882591,91.5454799987854,2.0,A
N1,1000268,link,link 101,171728.0,171728.0,394.0,
N1,1000269,bridge,bridge 135,22.8560565672727,91.5457188709091,1.5,A
N1,1000270,link,link 102,172122.0,172122.0,108.0,
N1,1000271,bridge,bridge 136,22.8551475327433,91.5458221849557,1.5,A
N1,1000272,link,link 103,172230.0,172230.0,739.0,
N1,1000273,bridge,bridge 137,22.8486172764705,91.5463706117647,8.5,A
N1,1000274,link,link 104,172969.0,172969.0,381.0,
N1,1000275,bridge,bridge 138,22.8453914894736,91.5474689210526,3.0,A
N1,1000276,link,link 105,173350.0,173350.0,235.0,
N1,1000277,bridge,bridge 139,22.8434551375,91.54814955625,1.5,A
N1,1000278,link,link 106,173585.0,173585.0,274.0,
N1,1000279,bridge,bridge 140,22.8410943334277,91.5488096951841,3.0,A
N1,1000280,link,link 107,173859.0,173859.0,945.0,
N1,1000281,bridge,bridge 141,22.8327467692419,91.5501035014577,3.0,A
N1,1000282,link,link 108,174804.0,174804.0,209.0,
N1,1000283,bridge,bridge 142,22.8309613422018,91.5505028545871,4.5,A
N1,1000284,link,link 12732,175013.0,175013.0,772.0,
N1,1000285,bridge,bridge 143,22.8243706577981,91.5526915454128,12.4,C
N1,1000286,link,link 14649,175785.0,175785.0,1462.0,
N1,1000287,bridge,bridge 144,22.811563437647,91.5562562129411,9.5,B
N1,1000288,link,link 109,177247.0,177247.0,2116.0,
N1,1000289,bridge,bridge 145,22.7941813523326,91.5629612622718,4.5,A
N1,1000290,link,link 14650,179363.0,179363.0,1487.0,
N1,1000291,bridge,bridge 146,22.7821968918511,91.5691025661971,23.2,B
N1,1000292,link,link 110,180850.0,180850.0,975.0,
N1,1000293,bridge,bridge 147,22.774197092,91.5728737519999,6.0,A
N1,1000294,link,link 111,181825.0,181825.0,493.0,
N1,1000295,bridge,bridge 148,22.770251666098,91.5750905211087,9.7,A
N1,1000296,link,link 112,182318.0,182318.0,978.0,
N1,1000297,bridge,bridge 149,22.7630626913907,91.5804538821192,4.0,A
N1,1000298,link,link 113,183296.0,183296.0,1358.0,
N1,1000299,bridge,bridge 150,22.7535653245121,91.5886004236585,12.9,A
N1,1000300,link,link 114,184654.0,184654.0,404.0,
N1,1000301,bridge,bridge 151,22.7506393495689,91.5908840370689,3.0,A
N1,1000302,link,link 14651,185058.0,185058.0,784.0,
N1,1000303,bridge,bridge 152,22.7445136523437,91.5943998915364,8.1,B
N1,1000304,link,link 115,185842.0,185842.0,2508.0,
N1,1000305,bridge,bridge 153,22.723316755473,91.6024331404452,3.0,A
N1,1000306,link,link 116,188350.0,188350.0,708.0,
N1,1000307,bridge,bridge 154,22.7178243865384,91.6057623307692,3.0,A
N1,1000308,link,link 117,189058.0,189058.0,72.0,
N1,1000309,bridge,bridge 155,22.7172707342307,91.6061084846153,3.0,A
N1,1000310,link,link 12733,189130.0,189130.0,450.0,
N1,1000311,bridge,bridge 156,22.7138727382812,91.6082352218749,19.2,C
N1,1000312,link,link 118,189580.0,189580.0,1527.0,
N1,1000313,bridge,bridge 157,22.701816503937,91.6149734608923,19.2,A
N1,1000314,link,link 119,191107.0,191107.0,1301.0,
N1,1000315,bridge,bridge 158,22.6912517148148,91.6201690574074,4.2,A
N1,1000316,link,link 120,192408.0,192408.0,542.0,
N1,1000317,bridge,bridge 159,22.6868697647058,91.6220385823529,3.2,A
N1,1000318,link,link 121,192950.0,192950.0,1199.0,
N1,1000319,bridge,bridge 160,22.6769772991044,91.6268169453731,6.0,A
N1,1000320,link,link 122,194149.0,194149.0,849.0,
N1,1000321,bridge,bridge 161,22.6699594391304,91.6293531695652,3.0,A
N1,1000322,link,link 123,194998.0,194998.0,503.0,
N1,1000323,bridge,bridge 162,22.6657838981081,91.6311293581081,3.0,A
N1,1000324,link,link 124,195501.0,195501.0,537.0,
N1,1000325,bridge,bridge 163,22.6615956814814,91.6335257425926,3.0,A
N1,1000326,link,link 125,196038.0,196038.0,887.0,
N1,1000327,bridge,bridge 164,22.6547124294117,91.6379261764705,3.1,A
N1,1000328,link,link 126,196925.0,196925.0,465.0,
N1,1000329,bridge,bridge 165,22.6510709547445,91.6400341194647,4.6,A
N1,1000330,link,link 127,197390.0,197390.0,456.0,
N1,1000331,bridge,bridge 166,22.6474561112311,91.6419171170626,12.4,A
N1,1000332,link,link 128,197846.0,197846.0,1433.0,
N1,1000333,bridge,bridge 167,22.636096590965,91.648209240657,3.0,A
N1,1000334,link,link 129,199279.0,199279.0,223.0,
N1,1000335,bridge,bridge 168,22.6343285718685,91.6492077265913,3.0,A
N1,1000336,link,link 130,199502.0,199502.0,775.0,
N1,1000337,bridge,bridge 169,22.6281666352941,91.6527578258312,3.0,A
N1,1000338,link,link 14652,200277.0,200277.0,298.0,
N1,1000339,bridge,bridge 170,22.6258323373493,91.6541857554217,6.1,B
N1,1000340,link,link 131,200575.0,200575.0,343.0,
N1,1000341,bridge,bridge 171,22.6230461711711,91.6554672531531,3.0,A
N1,1000342,link,link 132,200918.0,200918.0,602.0,
N1,1000343,bridge,bridge 172,22.6177563490118,91.6580589438735,3.0,A
N1,1000344,link,link 133,201520.0,201520.0,479.0,
N1,1000345,bridge,bridge 173,22.6149899686274,91.6602670503268,4.6,A
N1,1000346,link,link 135,201999.0,201999.0,436.0,
N1,1000347,bridge,bridge 174,22.6117556741935,91.6625686731182,3.0,A
N1,1000348,link,link 136,202435.0,202435.0,1022.0,
N1,1000349,bridge,bridge 175,22.6038394411764,91.6673745588235,2.95,A
N1,1000350,link,link 14653,203457.0,203457.0,194.0,
N1,1000351,bridge,bridge 176,22.6023506949579,91.6683367336134,4.5,B
N1,1000352,link,link 14654,203651.0,203651.0,691.0,
N1,1000353,bridge,bridge 177,22.5971665766519,91.671819207489,9.3,B
N1,1000354,link,link 137,204342.0,204342.0,423.0,
N1,1000355,bridge,bridge 178,22.5938881803921,91.6738889367647,4.5,A
N1,1000356,link,link 12734,204765.0,204765.0,850.0,
N1,1000357,bridge,bridge 179,22.5870350167767,91.6770444686922,22.25,C
N1,1000358,link,link 138,205615.0,205615.0,685.0,
N1,1000359,bridge,bridge 180,22.5815086746355,91.6795390413994,2.5,A
N1,1000360,link,link 139,206300.0,206300.0,566.0,
N1,1000361,bridge,bridge 181,22.5767930229508,91.68162274153,10.2,A
N1,1000362,link,link 140,206866.0,206866.0,774.0,
N1,1000363,bridge,bridge 182,22.5702905930578,91.6840096656198,3.0,A
N1,1000364,link,link 141,207640.0,207640.0,273.0,
N1,1000365,bridge,bridge 183,22.5679968064462,91.6846866604958,8.2,A
N1,1000366,link,link 142,207913.0,207913.0,187.0,
N1,1000367,bridge,bridge 184,22.5664212916363,91.6851826636363,4.5,A
N1,1000368,link,link 143,208100.0,208100.0,924.0,
N1,1000369,bridge,bridge 185,22.5585210862619,91.687506242492,4.1,A
N1,1000370,link,link 14655,209024.0,209024.0,490.0,
N1,1000371,bridge,bridge 186,22.5543319776357,91.6887963149094,21.6,B
N1,1000372,link,link 144,209514.0,209514.0,962.0,
N1,1000373,bridge,bridge 187,22.5467727210909,91.6926260603636,3.0,A
N1,1000374,link,link 145,210476.0,210476.0,300.0,
N1,1000375,bridge,bridge 188,22.5444897756363,91.6941310785454,5.2,A
N1,1000376,link,link 146,210776.0,210776.0,657.0,
N1,1000377,bridge,bridge 189,22.5390300234693,91.6965452744898,8.2,A
N1,1000378,link,link 147,211433.0,211433.0,1050.0,
N1,1000379,bridge,bridge 190,22.5303678038461,91.7004641228571,3.0,A
N1,1000380,link,link 14656,212483.0,212483.0,903.0,
N1,1000381,bridge,bridge 191,22.5229359167189,91.7038366163009,16.3,B
N1,1000382,link,link 148,213386.0,213386.0,1421.0,
N1,1000383,bridge,bridge 192,22.5113471164122,91.7087907889313,41.11,A
N1,1000384,link,link 149,214807.0,214807.0,660.0,
N1,1000385,bridge,bridge 193,22.5060220437735,91.7112848218867,4.5,A
N1,1000386,link,link 150,215467.0,215467.0,729.0,
N1,1000387,bridge,bridge 194,22.5000858335766,91.7141504905109,17.6,A
N1,1000388,link,link 14657,216196.0,216196.0,1181.0,
N1,1000389,bridge,bridge 195,22.4904405976324,91.7182726733934,3.0,B
N1,1000390,link,link 151,217377.0,217377.0,565.0,
N1,1000391,bridge,bridge 196,22.4855480068965,91.7195309517241,4.5,A
N1,1000392,link,link 19366,217942.0,217942.0,499.0,
N1,1000393,bridge,bridge 197,22.4811642144766,91.7203633632516,24.33,D
N1,1000394,link,link 152,218441.0,218441.0,986.0,
N1,1000395,bridge,bridge 198,22.4728530893544,91.7232633541336,6.0,A
N1,1000396,link,link 19367,219427.0,219427.0,1298.0,
N1,1000397,bridge,bridge 199,22.4624386352,91.7285307,24.32,D
N1,1000398,link,link 153,220725.0,220725.0,1632.0,
N1,1000399,bridge,bridge 200,22.4488628503871,91.7342823894358,3.0,A
N1,1000400,link,link 15617,222357.0,222357.0,330.0,
N1,1000401,bridge,bridge 201,22.4460793332411,91.7353674287057,26.3,C
N1,1000402,link,link 154,222687.0,222687.0,1056.0,
N1,1000403,bridge,bridge 202,22.4375035216216,91.7386659473513,3.0,A
N1,1000404,link,link 155,223743.0,223743.0,310.0,
N1,1000405,bridge,bridge 203,22.4350737918918,91.7396527192432,40.0,A
N1,1000406,link,link 14660,224053.0,224053.0,1649.0,
N1,1000407,bridge,bridge 204,22.4220415536,91.7480209792,35.1,B
N1,1000408,link,link 156,225702.0,225702.0,2327.0,
N1,1000409,bridge,bridge 205,22.4030145445,91.75657411625,5.0,A
N1,1000410,link,link 157,228029.0,228029.0,768.0,
N1,1000411,bridge,bridge 206,22.3963398830265,91.7582551580777,3.0,A
N1,1000412,link,link 158,228797.0,228797.0,406.0,
N1,1000413,bridge,bridge 207,22.3927175345622,91.7590882138248,18.0,A
N1,1000414,link,link 159,229203.0,229203.0,927.0,
N1,1000415,bridge,bridge 208,22.38524588272,91.76250565776,3.0,A
N1,1000416,link,link 160,230130.0,230130.0,791.0,
N1,1000417,bridge,bridge 209,22.3797011826666,91.7670476533333,8.3,A
N1,1000418,link,link 161,230921.0,230921.0,1045.0,
N1,1000419,bridge,bridge 210,22.3696841276595,91.7739258709219,3.0,A
N1,1000420,link,link 15618,231966.0,231966.0,10050.0,
N1,1000421,bridge,bridge 211,22.3599057425992,91.8522694918171,4.65,C
N1,1000422,link,link 162,242016.0,242016.0,882.0,
N1,1000423,bridge,bridge 212,22.3522674714754,91.852622049836,15.8,A
N1,1000424,link,link 15619,242898.0,242898.0,1469.0,
N1,1000425,bridge,bridge 213,22.3395393508599,91.8533871579852,39.67,C
N1,1000426,link,link 15620,244367.0,244367.0,489.0,
N1,1000427,bridge,bridge 214,22.3357673216494,91.8538536927835,40.38,C
N1,1000428,link,link 15621,244856.0,244856.0,119.0,
N1,1000429,bridge,bridge 215,22.3349153368556,91.8533979043814,49.31,C
N1,1000430,link,link 164,244975.0,244975.0,1045.0,
N1,1000431,bridge,bridge 216,22.3266451369152,91.852759390139,954.5,A
N1,1000432,sink,sink,22.3314716,91.8515556,0.0,
